CUST_ID,DATE,ORDER_QTY,PRICE_USD
0,2014-04-01,8867,0.76
0,2014-05-16,8828,0.88
0,2014-06-30,9615,0.97
0,2014-08-14,9722,1.00
0,2014-09-28,8993,1.25
0,2014-11-12,9270,1.44
0,2014-12-27,9633,1.70
0,2015-02-10,9599,1.73
0,2015-03-27,9405,1.73
0,2015-05-11,9842,1.83
0,2015-06-25,9798,1.94
0,2015-08-09,10244,1.95
0,2015-09-23,9395,2.02
0,2015-11-07,10365,2.28
0,2015-12-22,9558,2.47
0,2016-02-05,10344,2.53
0,2016-03-21,10447,2.63
0,2016-05-05,9938,2.73
0,2016-06-19,9734,2.73
0,2016-08-03,10377,2.79
0,2016-09-17,9778,2.82
1,2014-12-24,2186,0.62
1,2015-01-10,2297,0.63
1,2015-01-27,2146,0.66
1,2015-02-13,2168,0.66
1,2015-03-02,2174,0.71
1,2015-03-19,2220,0.73
1,2015-04-05,2314,0.78
1,2015-04-22,2164,0.82
1,2015-05-09,2161,0.90
1,2015-05-26,2257,0.91
1,2015-06-12,2210,0.94
1,2015-06-29,2116,0.98
1,2015-07-16,2088,1.02
1,2015-08-02,2127,1.03
1,2015-08-19,2196,1.09
1,2015-09-05,2145,1.13
1,2015-09-22,2035,1.16
1,2015-10-09,2088,1.16
1,2015-10-26,2067,1.16
1,2015-11-12,1981,1.23
1,2015-11-29,1993,1.29
1,2015-12-16,1972,1.35
1,2016-01-02,2054,1.42
1,2016-01-19,1890,1.45
1,2016-02-05,1940,1.50
1,2016-02-22,1892,1.50
1,2016-03-10,1877,1.51
1,2016-03-27,1828,1.58
1,2016-04-13,1741,1.68
1,2016-04-30,1887,1.68
1,2016-05-17,1892,1.70
1,2016-06-03,1756,1.73
1,2016-06-20,1665,1.79
1,2016-07-07,1758,1.87
1,2016-07-24,1634,1.89
1,2016-08-10,1464,2.11
1,2016-08-27,1494,2.19
1,2016-09-13,1402,2.26
1,2016-09-30,1351,2.32
1,2016-10-17,1361,2.33
2,2014-05-11,5222,0.30
2,2014-05-24,5411,0.30
2,2014-06-06,5626,0.39
2,2014-06-19,5683,0.40
2,2014-07-02,5278,0.41
2,2014-07-15,5241,0.48
2,2014-07-28,5282,0.53
2,2014-08-10,5260,0.55
2,2014-08-23,5290,0.56
2,2014-09-05,5630,0.60
2,2014-09-18,5693,0.63
2,2014-10-01,5479,0.65
2,2014-10-14,5410,0.70
2,2014-10-27,5633,0.71
2,2014-11-09,5667,0.73
2,2014-11-22,5285,0.75
2,2014-12-05,90000,0.84
2,2014-12-18,5701,0.85
2,2014-12-31,5734,0.87
2,2015-01-13,5548,0.90
2,2015-01-26,5325,0.90
2,2015-02-08,5520,0.90
2,2015-02-21,5482,0.96
2,2015-03-06,5620,0.96
2,2015-03-19,5262,0.96
2,2015-04-01,5281,1.09
2,2015-04-14,5590,1.10
2,2015-04-27,5304,1.16
2,2015-05-10,5293,1.19
2,2015-05-23,5412,1.22
2,2015-06-05,5386,1.24
2,2015-06-18,5075,1.24
2,2015-07-01,4920,1.24
2,2015-07-14,5231,1.26
2,2015-07-27,4936,1.29
2,2015-08-09,4771,1.40
2,2015-08-22,5000,1.50
2,2015-09-04,4650,1.56
2,2015-09-17,4512,1.59
2,2015-09-30,4818,1.62
2,2015-10-13,4365,1.72
2,2015-10-26,4349,1.73
2,2015-11-08,4568,1.76
2,2015-11-21,4331,1.81
2,2015-12-04,4422,1.82
2,2015-12-17,4167,1.83
2,2015-12-30,4391,1.85
2,2016-01-12,4214,1.89
2,2016-01-25,4386,1.90
2,2016-02-07,3988,1.97
2,2016-02-20,4012,1.99
2,2016-03-04,3897,2.07
2,2016-03-17,3740,2.11
2,2016-03-30,3773,2.14
2,2016-04-12,3578,2.18
2,2016-04-25,3702,2.19
2,2016-05-08,3702,2.19
2,2016-05-21,3621,2.21
2,2016-06-03,3585,2.21
2,2016-06-16,3461,2.25
2,2016-06-29,3369,2.26
2,2016-07-12,3312,2.30
2,2016-07-25,3258,2.33
2,2016-08-07,3027,2.41
2,2016-08-20,2927,2.49
2,2016-09-02,2939,2.51
2,2016-09-15,2715,2.58
2,2016-09-28,2480,2.58
2,2016-10-11,2537,2.61
2,2016-10-24,1984,2.73
3,2014-05-31,4590,0.48
3,2014-06-25,4681,0.56
3,2014-07-20,4933,0.60
3,2014-08-14,5019,0.65
3,2014-09-08,4848,0.65
3,2014-10-03,4985,0.71
3,2014-10-28,4718,0.72
3,2014-11-22,4843,0.83
3,2014-12-17,4628,1.04
3,2015-01-11,4939,1.04
3,2015-02-05,4514,1.13
3,2015-03-02,4628,1.28
3,2015-03-27,4452,1.41
3,2015-04-21,4226,1.47
3,2015-05-16,4429,1.48
3,2015-06-10,4046,1.53
3,2015-07-05,4018,1.57
3,2015-07-30,3950,1.70
3,2015-08-24,4176,1.71
3,2015-09-18,3644,1.82
3,2015-10-13,3498,1.92
3,2015-11-07,3538,1.93
3,2015-12-02,3385,2.15
3,2015-12-27,3320,2.20
3,2016-01-21,2891,2.29
3,2016-02-15,3022,2.32
3,2016-03-11,2883,2.35
3,2016-04-05,2673,2.43
3,2016-04-30,2561,2.46
3,2016-05-25,2284,2.56
3,2016-06-19,2437,2.56
3,2016-07-14,2138,2.62
3,2016-08-08,2118,2.67
3,2016-09-02,1783,2.73
3,2016-09-27,1724,2.76
3,2016-10-22,1656,2.76
4,2015-02-01,7367,0.48
4,2015-05-11,7546,1.27
4,2015-08-18,7664,1.79
4,2015-11-25,8081,2.33
4,2016-03-03,8047,2.35
4,2016-06-10,8181,2.68
4,2016-09-17,8561,2.78
5,2014-08-17,5590,0.67
5,2014-08-29,5387,0.69
5,2014-09-10,5551,0.72
5,2014-09-22,5357,0.72
5,2014-10-04,5579,0.72
5,2014-10-16,5440,0.73
5,2014-10-28,5446,0.77
5,2014-11-09,5446,0.77
5,2014-11-21,5584,0.78
5,2014-12-03,5344,0.79
5,2014-12-15,5241,0.80
5,2014-12-27,5224,0.82
5,2015-01-08,5410,0.82
5,2015-01-20,5222,0.86
5,2015-02-01,5165,0.92
5,2015-02-13,5171,0.98
5,2015-02-25,5117,1.00
5,2015-03-09,4729,1.03
5,2015-03-21,5000,1.05
5,2015-04-02,4657,1.07
5,2015-04-14,5001,1.09
5,2015-04-26,4627,1.17
5,2015-05-08,4976,1.18
5,2015-05-20,4895,1.19
5,2015-06-01,4823,1.19
5,2015-06-13,4796,1.22
5,2015-06-25,4817,1.25
5,2015-07-07,4558,1.28
5,2015-07-19,4511,1.28
5,2015-07-31,4449,1.30
5,2015-08-12,4429,1.33
5,2015-08-24,4443,1.38
5,2015-09-05,4540,1.41
5,2015-09-17,4695,1.50
5,2015-09-29,4662,1.52
5,2015-10-11,4652,1.54
5,2015-10-23,4447,1.54
5,2015-11-04,4674,1.54
5,2015-11-16,4678,1.58
5,2015-11-28,4429,1.58
5,2015-12-10,4431,1.63
5,2015-12-22,4460,1.80
5,2016-01-03,4409,1.82
5,2016-01-15,4290,1.85
5,2016-01-27,4280,1.89
5,2016-02-08,4400,1.94
5,2016-02-20,4485,1.95
5,2016-03-03,4266,1.95
5,2016-03-15,4349,1.97
5,2016-03-27,4520,1.99
5,2016-04-08,4414,2.08
5,2016-04-20,4500,2.09
5,2016-05-02,4547,2.20
5,2016-05-14,4523,2.22
5,2016-05-26,4194,2.24
5,2016-06-07,4418,2.37
5,2016-06-19,4281,2.45
5,2016-07-01,4359,2.59
5,2016-07-13,4358,2.61
5,2016-07-25,4357,2.63
5,2016-08-06,4141,2.64
5,2016-08-18,4248,2.66
5,2016-08-30,4354,2.71
5,2016-09-11,4505,2.72
5,2016-09-23,4462,2.72
5,2016-10-05,4332,2.73
5,2016-10-17,4396,2.76
6,2014-04-05,5342,0.40
6,2014-05-22,5065,0.55
6,2014-07-08,5093,0.66
6,2014-08-24,5114,0.95
6,2014-10-10,5535,1.11
6,2014-11-26,5607,1.27
6,2015-01-12,5445,1.48
6,2015-02-28,5721,1.48
6,2015-04-16,5472,1.48
6,2015-06-02,5544,1.54
6,2015-07-19,5826,1.65
6,2015-09-04,5472,1.68
6,2015-10-21,5787,1.71
6,2015-12-07,5468,1.77
6,2016-01-23,5839,1.79
6,2016-03-10,5606,1.86
6,2016-04-26,5620,1.91
6,2016-06-12,5693,1.97
6,2016-07-29,5673,2.30
6,2016-09-14,5599,2.45
7,2014-09-22,7716,1.10
7,2015-02-01,7895,1.26
7,2015-06-13,8171,1.46
7,2015-10-23,8165,1.54
7,2016-03-03,7727,1.95
7,2016-07-13,8102,2.28
8,2014-05-07,1189,0.36
8,2014-05-28,1173,0.40
8,2014-06-18,1180,0.41
8,2014-07-09,1157,0.44
8,2014-07-30,1172,0.49
8,2014-08-20,1209,0.60
8,2014-09-10,1175,0.64
8,2014-10-01,1210,0.72
8,2014-10-22,1225,0.76
8,2014-11-12,1182,0.77
8,2014-12-03,1290,0.81
8,2014-12-24,1238,0.87
8,2015-01-14,1214,0.88
8,2015-02-04,1256,0.96
8,2015-02-25,1180,1.02
8,2015-03-18,1241,1.11
8,2015-04-08,1232,1.12
8,2015-04-29,1134,1.13
8,2015-05-20,1145,1.20
8,2015-06-10,1192,1.24
8,2015-07-01,1204,1.26
8,2015-07-22,1158,1.28
8,2015-08-12,1183,1.33
8,2015-09-02,1057,1.52
8,2015-09-23,1040,1.59
8,2015-10-14,1039,1.64
8,2015-11-04,1042,1.66
8,2015-11-25,972,1.70
8,2015-12-16,1033,1.70
8,2016-01-06,933,1.90
8,2016-01-27,971,1.90
8,2016-02-17,958,1.93
8,2016-03-09,875,2.01
8,2016-03-30,898,2.03
8,2016-04-20,910,2.06
8,2016-05-11,819,2.08
8,2016-06-01,774,2.28
8,2016-06-22,771,2.32
8,2016-07-13,708,2.36
8,2016-08-03,699,2.37
8,2016-08-24,693,2.44
8,2016-09-14,671,2.47
8,2016-10-05,644,2.52
8,2016-10-26,634,2.53
9,2014-12-07,7900,0.93
9,2015-01-10,7896,1.02
9,2015-02-13,7634,1.13
9,2015-03-19,7802,1.19
9,2015-04-22,7491,1.27
9,2015-05-26,7241,1.30
9,2015-06-29,6629,1.36
9,2015-08-02,6598,1.42
9,2015-09-05,6200,1.60
9,2015-10-09,5952,1.71
9,2015-11-12,5913,1.82
9,2015-12-16,6130,1.85
9,2016-01-19,6025,1.86
9,2016-02-22,5991,1.90
9,2016-03-27,5930,2.00
9,2016-04-30,5678,2.20
9,2016-06-03,5273,2.25
9,2016-07-07,5342,2.40
9,2016-08-10,5006,2.59
9,2016-09-13,4779,2.74
9,2016-10-17,4841,2.76
10,2014-10-16,1742,0.73
10,2014-10-28,1779,0.75
10,2014-11-09,1808,0.77
10,2014-11-21,1740,0.82
10,2014-12-03,1849,0.83
10,2014-12-15,1828,0.90
10,2014-12-27,1749,0.92
10,2015-01-08,1726,0.96
10,2015-01-20,1863,0.98
10,2015-02-01,1858,1.02
10,2015-02-13,1858,1.02
10,2015-02-25,1750,1.03
10,2015-03-09,1823,1.04
10,2015-03-21,1807,1.06
10,2015-04-02,1850,1.14
10,2015-04-14,1739,1.22
10,2015-04-26,1786,1.24
10,2015-05-08,1861,1.25
10,2015-05-20,1820,1.31
10,2015-06-01,1821,1.32
10,2015-06-13,1850,1.33
10,2015-06-25,1795,1.33
10,2015-07-07,1832,1.34
10,2015-07-19,1934,1.44
10,2015-07-31,1805,1.45
10,2015-08-12,1853,1.46
10,2015-08-24,1817,1.48
10,2015-09-05,1773,1.50
10,2015-09-17,1848,1.51
10,2015-09-29,1860,1.54
10,2015-10-11,1899,1.56
10,2015-10-23,1922,1.61
10,2015-11-04,1885,1.61
10,2015-11-16,1797,1.67
10,2015-11-28,1939,1.68
10,2015-12-10,1911,1.68
10,2015-12-22,1818,1.69
10,2016-01-03,1880,1.75
10,2016-01-15,1824,1.76
10,2016-01-27,1972,1.83
10,2016-02-08,1813,1.84
10,2016-02-20,1956,1.86
10,2016-03-03,1938,1.87
10,2016-03-15,1913,2.20
10,2016-03-27,1894,2.21
10,2016-04-08,1881,2.27
10,2016-04-20,1984,2.34
10,2016-05-02,1977,2.36
10,2016-05-14,1928,2.36
10,2016-05-26,2000,2.40
10,2016-06-07,1935,2.43
10,2016-06-19,1936,2.44
10,2016-07-01,1919,2.47
10,2016-07-13,1990,2.50
10,2016-07-25,1865,2.51
10,2016-08-06,1885,2.52
10,2016-08-18,1993,2.53
10,2016-08-30,1965,2.54
10,2016-09-11,1937,2.55
10,2016-09-23,1928,2.66
10,2016-10-05,1981,2.70
10,2016-10-17,2053,2.73
11,2014-12-12,101,1.33
11,2015-01-04,102,1.36
11,2015-01-27,95,1.56
11,2015-02-19,94,1.70
11,2015-03-14,88,1.73
11,2015-04-06,91,1.80
11,2015-04-29,91,1.81
11,2015-05-22,92,1.85
11,2015-06-14,84,1.90
11,2015-07-07,82,1.92
11,2015-07-30,80,1.96
11,2015-08-22,82,2.05
11,2015-09-14,82,2.07
11,2015-10-07,75,2.11
11,2015-10-30,69,2.23
11,2015-11-22,74,2.23
11,2015-12-15,73,2.29
11,2016-01-07,70,2.29
11,2016-01-30,65,2.33
11,2016-02-22,69,2.36
11,2016-03-16,65,2.43
11,2016-04-08,63,2.44
11,2016-05-01,59,2.47
11,2016-05-24,58,2.49
11,2016-06-16,53,2.61
11,2016-07-09,51,2.62
11,2016-08-01,46,2.68
11,2016-08-24,39,2.76
11,2016-09-16,37,2.79
11,2016-10-09,35,2.80
12,2014-03-30,6504,0.09
12,2014-05-13,6529,0.36
12,2014-06-26,6419,0.51
12,2014-08-09,6246,0.57
12,2014-09-22,6649,0.82
12,2014-11-05,6535,0.87
12,2014-12-19,6300,0.99
12,2015-02-01,6175,1.13
12,2015-03-17,6136,1.18
12,2015-04-30,6214,1.29
12,2015-06-13,5649,1.53
12,2015-07-27,5274,1.62
12,2015-09-09,5338,1.69
12,2015-10-23,5401,1.74
12,2015-12-06,5193,1.78
12,2016-01-19,4740,1.87
12,2016-03-03,4369,2.11
12,2016-04-16,4154,2.19
12,2016-05-30,4212,2.24
12,2016-07-13,3202,2.50
12,2016-08-26,3202,2.51
12,2016-10-09,3296,2.53
13,2014-08-13,3805,0.68
13,2014-10-08,3765,0.76
13,2014-12-03,3587,0.80
13,2015-01-28,3748,0.87
13,2015-03-25,3658,0.93
13,2015-05-20,3658,0.98
13,2015-07-15,3342,1.16
13,2015-09-09,3642,1.18
13,2015-11-04,3306,1.25
13,2015-12-30,3029,1.80
13,2016-02-24,2604,1.97
13,2016-04-20,2649,2.00
13,2016-06-15,2359,2.19
13,2016-08-10,2296,2.20
13,2016-10-05,1603,2.62
14,2014-04-30,6852,0.40
14,2014-05-17,6083,0.44
14,2014-06-03,6325,0.45
14,2014-06-20,5642,0.52
14,2014-07-07,5651,0.53
14,2014-07-24,5147,0.62
14,2014-08-10,5522,0.62
14,2014-08-27,5531,0.64
14,2014-09-13,5176,0.66
14,2014-09-30,4990,0.67
14,2014-10-17,5012,0.77
14,2014-11-03,4715,0.77
14,2014-11-20,4974,0.81
14,2014-12-07,4954,0.82
14,2014-12-24,4765,0.87
14,2015-01-10,4675,0.91
14,2015-01-27,4628,0.91
14,2015-02-13,4809,0.96
14,2015-03-02,4198,1.14
14,2015-03-19,4255,1.15
14,2015-04-05,4486,1.21
14,2015-04-22,4478,1.22
14,2015-05-09,4182,1.30
14,2015-05-26,4218,1.31
14,2015-06-12,4105,1.32
14,2015-06-29,4398,1.36
14,2015-07-16,4201,1.37
14,2015-08-02,4413,1.37
14,2015-08-19,4388,1.41
14,2015-09-05,4136,1.45
14,2015-09-22,4230,1.47
14,2015-10-09,4190,1.51
14,2015-10-26,4234,1.55
14,2015-11-12,4131,1.55
14,2015-11-29,4188,1.56
14,2015-12-16,4233,1.60
14,2016-01-02,4106,1.61
14,2016-01-19,4131,1.71
14,2016-02-05,4209,1.86
14,2016-02-22,4043,1.88
14,2016-03-10,4031,2.03
14,2016-03-27,3966,2.06
14,2016-04-13,4158,2.10
14,2016-04-30,3979,2.10
14,2016-05-17,4074,2.13
14,2016-06-03,3835,2.13
14,2016-06-20,3871,2.16
14,2016-07-07,4076,2.26
14,2016-07-24,3924,2.40
14,2016-08-10,4001,2.42
14,2016-08-27,3913,2.57
14,2016-09-13,3971,2.59
14,2016-09-30,3871,2.64
14,2016-10-17,3792,2.65
15,2014-01-13,5671,0.05
15,2014-01-25,5478,0.06
15,2014-02-06,5537,0.07
15,2014-02-18,5467,0.12
15,2014-03-02,5643,0.15
15,2014-03-14,5874,0.17
15,2014-03-26,5598,0.19
15,2014-04-07,5460,0.20
15,2014-04-19,5517,0.20
15,2014-05-01,5519,0.21
15,2014-05-13,5804,0.22
15,2014-05-25,5607,0.22
15,2014-06-06,5694,0.23
15,2014-06-18,5372,0.29
15,2014-06-30,5437,0.32
15,2014-07-12,5416,0.35
15,2014-07-24,5435,0.42
15,2014-08-05,5532,0.46
15,2014-08-17,5946,0.51
15,2014-08-29,5494,0.53
15,2014-09-10,5809,0.53
15,2014-09-22,5757,0.55
15,2014-10-04,5536,0.58
15,2014-10-16,5938,0.58
15,2014-10-28,5482,0.59
15,2014-11-09,5915,0.60
15,2014-11-21,5835,0.62
15,2014-12-03,5694,0.63
15,2014-12-15,5723,0.63
15,2014-12-27,5582,0.64
15,2015-01-08,5734,0.67
15,2015-01-20,5535,0.68
15,2015-02-01,5766,0.78
15,2015-02-13,5798,0.79
15,2015-02-25,5911,0.88
15,2015-03-09,6060,0.89
15,2015-03-21,5853,0.93
15,2015-04-02,5962,0.96
15,2015-04-14,5588,1.01
15,2015-04-26,5440,1.04
15,2015-05-08,5569,1.05
15,2015-05-20,5614,1.06
15,2015-06-01,5730,1.08
15,2015-06-13,5330,1.11
15,2015-06-25,5766,1.16
15,2015-07-07,5368,1.17
15,2015-07-19,5206,1.19
15,2015-07-31,5483,1.25
15,2015-08-12,5147,1.28
15,2015-08-24,5463,1.36
15,2015-09-05,4990,1.36
15,2015-09-17,5055,1.37
15,2015-09-29,5265,1.37
15,2015-10-11,5434,1.38
15,2015-10-23,5002,1.39
15,2015-11-04,5041,1.40
15,2015-11-16,5300,1.47
15,2015-11-28,5046,1.60
15,2015-12-10,4803,1.63
15,2015-12-22,4916,1.65
15,2016-01-03,4699,1.65
15,2016-01-15,4747,1.68
15,2016-01-27,4458,1.77
15,2016-02-08,4101,1.95
15,2016-02-20,4339,1.96
15,2016-03-03,4381,1.96
15,2016-03-15,4024,1.98
15,2016-03-27,4279,1.99
15,2016-04-08,4087,2.12
15,2016-04-20,3710,2.14
15,2016-05-02,3839,2.17
15,2016-05-14,3993,2.17
15,2016-05-26,3744,2.22
15,2016-06-07,3807,2.24
15,2016-06-19,3700,2.29
15,2016-07-01,3438,2.37
15,2016-07-13,3392,2.41
15,2016-07-25,3116,2.41
15,2016-08-06,3133,2.45
15,2016-08-18,3015,2.48
15,2016-08-30,3014,2.51
15,2016-09-11,2953,2.52
15,2016-09-23,2517,2.63
15,2016-10-05,2469,2.64
15,2016-10-17,2407,2.65
16,2014-08-05,5029,1.14
16,2014-09-28,4983,1.18
16,2014-11-21,4960,1.20
16,2015-01-14,4645,1.34
16,2015-03-09,4602,1.52
16,2015-05-02,4154,1.71
16,2015-06-25,4244,1.75
16,2015-08-18,3861,1.97
16,2015-10-11,3585,2.05
16,2015-12-04,3051,2.34
16,2016-01-27,2745,2.46
16,2016-03-21,2917,2.47
16,2016-05-14,2760,2.52
16,2016-07-07,1564,2.83
16,2016-08-30,1344,2.86
16,2016-10-23,1188,2.89
17,2014-12-15,5396,0.87
17,2014-12-27,5237,0.89
17,2015-01-08,5210,0.89
17,2015-01-20,5371,0.98
17,2015-02-01,5246,1.03
17,2015-02-13,5597,1.10
17,2015-02-25,5293,1.10
17,2015-03-09,5419,1.13
17,2015-03-21,5337,1.13
17,2015-04-02,5169,1.15
17,2015-04-14,5385,1.15
17,2015-04-26,5515,1.16
17,2015-05-08,5059,1.17
17,2015-05-20,5110,1.19
17,2015-06-01,5135,1.21
17,2015-06-13,4902,1.23
17,2015-06-25,5031,1.24
17,2015-07-07,4853,1.25
17,2015-07-19,5211,1.27
17,2015-07-31,5086,1.29
17,2015-08-12,4837,1.30
17,2015-08-24,4546,1.55
17,2015-09-05,4530,1.56
17,2015-09-17,4387,1.58
17,2015-09-29,4253,1.58
17,2015-10-11,4498,1.58
17,2015-10-23,4149,1.67
17,2015-11-04,4070,1.75
17,2015-11-16,4205,1.83
17,2015-11-28,4266,1.83
17,2015-12-10,4255,1.84
17,2015-12-22,4100,1.85
17,2016-01-03,4026,1.88
17,2016-01-15,3985,1.90
17,2016-01-27,3985,1.90
17,2016-02-08,4005,1.94
17,2016-02-20,4155,1.95
17,2016-03-03,3815,1.95
17,2016-03-15,4036,1.99
17,2016-03-27,3716,2.11
17,2016-04-08,3659,2.21
17,2016-04-20,3810,2.26
17,2016-05-02,3615,2.30
17,2016-05-14,3808,2.37
17,2016-05-26,3509,2.41
17,2016-06-07,3703,2.42
17,2016-06-19,3733,2.43
17,2016-07-01,3745,2.44
17,2016-07-13,3721,2.48
17,2016-07-25,3567,2.53
17,2016-08-06,3460,2.53
17,2016-08-18,3615,2.54
17,2016-08-30,3467,2.55
17,2016-09-11,3593,2.58
17,2016-09-23,3600,2.60
17,2016-10-05,3547,2.60
17,2016-10-17,3404,2.64
18,2014-09-22,8918,0.56
18,2014-10-04,8330,0.59
18,2014-10-16,8940,0.61
18,2014-10-28,8708,0.67
18,2014-11-09,8587,0.69
18,2014-11-21,8283,0.79
18,2014-12-03,8900,0.81
18,2014-12-15,8474,0.83
18,2014-12-27,8300,0.83
18,2015-01-08,8826,0.84
18,2015-01-20,8922,0.86
18,2015-02-01,8896,0.90
18,2015-02-13,9116,1.00
18,2015-02-25,8787,1.05
18,2015-03-09,8955,1.13
18,2015-03-21,8606,1.14
18,2015-04-02,9150,1.17
18,2015-04-14,8858,1.21
18,2015-04-26,8893,1.29
18,2015-05-08,8938,1.29
18,2015-05-20,8729,1.32
18,2015-06-01,8523,1.36
18,2015-06-13,8736,1.44
18,2015-06-25,9153,1.47
18,2015-07-07,8799,1.48
18,2015-07-19,9420,1.56
18,2015-07-31,9068,1.68
18,2015-08-12,8751,1.68
18,2015-08-24,9314,1.72
18,2015-09-05,9046,1.73
18,2015-09-17,9318,1.73
18,2015-09-29,9169,1.80
18,2015-10-11,8776,1.84
18,2015-10-23,9192,1.85
18,2015-11-04,8752,1.89
18,2015-11-16,9352,1.90
18,2015-11-28,9555,1.94
18,2015-12-10,9518,1.96
18,2015-12-22,9450,2.01
18,2016-01-03,9404,2.01
18,2016-01-15,8998,2.03
18,2016-01-27,9622,2.08
18,2016-02-08,8840,2.09
18,2016-02-20,9131,2.12
18,2016-03-03,9479,2.17
18,2016-03-15,9391,2.18
18,2016-03-27,9410,2.22
18,2016-04-08,9275,2.23
18,2016-04-20,9480,2.27
18,2016-05-02,9607,2.34
18,2016-05-14,9152,2.37
18,2016-05-26,9735,2.41
18,2016-06-07,9745,2.43
18,2016-06-19,9556,2.43
18,2016-07-01,9796,2.44
18,2016-07-13,9391,2.58
18,2016-07-25,9728,2.59
18,2016-08-06,9272,2.63
18,2016-08-18,9705,2.64
18,2016-08-30,9091,2.65
18,2016-09-11,9553,2.72
18,2016-09-23,9982,2.72
18,2016-10-05,9553,2.72
18,2016-10-17,9987,2.73
19,2014-12-27,4871,0.71
19,2015-01-20,5102,0.74
19,2015-02-13,5053,0.94
19,2015-03-09,5170,1.20
19,2015-04-02,5180,1.24
19,2015-04-26,5236,1.26
19,2015-05-20,5042,1.30
19,2015-06-13,4942,1.31
19,2015-07-07,5359,1.53
19,2015-07-31,4919,1.53
19,2015-08-24,5087,1.58
19,2015-09-17,5219,1.59
19,2015-10-11,5484,1.80
19,2015-11-04,5375,1.88
19,2015-11-28,5071,1.93
19,2015-12-22,5304,2.01
19,2016-01-15,5145,2.01
19,2016-02-08,5149,2.13
19,2016-03-03,5153,2.25
19,2016-03-27,5502,2.25
19,2016-04-20,5543,2.30
19,2016-05-14,5589,2.37
19,2016-06-07,5281,2.43
19,2016-07-01,5509,2.47
19,2016-07-25,5198,2.53
19,2016-08-18,5452,2.56
19,2016-09-11,5197,2.63
19,2016-10-05,5556,2.64
20,2014-08-05,6795,0.30
20,2014-11-21,6905,0.42
20,2015-03-09,7009,0.62
20,2015-06-25,5243,2.02
20,2015-10-11,4762,2.14
20,2016-01-27,4102,2.34
20,2016-05-14,3927,2.37
20,2016-08-30,3112,2.62
21,2014-08-09,8827,0.53
21,2014-08-29,8873,0.53
21,2014-09-18,9496,0.57
21,2014-10-08,9155,0.74
21,2014-10-28,9535,0.75
21,2014-11-17,9559,0.80
21,2014-12-07,9389,0.84
21,2014-12-27,9064,0.85
21,2015-01-16,9824,0.86
21,2015-02-05,9366,0.89
21,2015-02-25,9801,0.91
21,2015-03-17,9279,1.01
21,2015-04-06,9050,1.03
21,2015-04-26,9827,1.06
21,2015-05-16,9938,1.09
21,2015-06-05,9600,1.17
21,2015-06-25,8990,1.23
21,2015-07-15,9165,1.25
21,2015-08-04,8683,1.27
21,2015-08-24,8815,1.28
21,2015-09-13,8031,1.35
21,2015-10-03,8339,1.44
21,2015-10-23,7988,1.54
21,2015-11-12,7893,1.63
21,2015-12-02,7529,1.64
21,2015-12-22,7187,1.69
21,2016-01-11,7602,1.75
21,2016-01-31,7051,1.88
21,2016-02-20,6584,1.97
21,2016-03-11,6739,1.98
21,2016-03-31,7016,2.04
21,2016-04-20,6749,2.06
21,2016-05-10,6971,2.09
21,2016-05-30,6875,2.11
21,2016-06-19,6704,2.16
21,2016-07-09,6822,2.17
21,2016-07-29,6468,2.24
21,2016-08-18,6325,2.48
21,2016-09-07,6039,2.52
21,2016-09-27,6177,2.57
21,2016-10-17,6150,2.60
22,2014-04-23,9026,0.31
22,2014-05-07,8801,0.32
22,2014-05-21,9486,0.41
22,2014-06-04,9076,0.42
22,2014-06-18,8817,0.46
22,2014-07-02,9436,0.50
22,2014-07-16,9121,0.52
22,2014-07-30,9168,0.52
22,2014-08-13,9177,0.54
22,2014-08-27,9687,0.54
22,2014-09-10,9464,0.56
22,2014-09-24,9283,0.57
22,2014-10-08,8958,0.57
22,2014-10-22,9571,0.59
22,2014-11-05,9237,0.67
22,2014-11-19,9466,0.76
22,2014-12-03,9386,0.79
22,2014-12-17,9250,0.80
22,2014-12-31,9833,0.84
22,2015-01-14,9523,0.88
22,2015-01-28,9046,0.96
22,2015-02-11,9381,0.98
22,2015-02-25,9196,0.98
22,2015-03-11,9547,0.99
22,2015-03-25,9297,1.00
22,2015-04-08,9019,1.00
22,2015-04-22,8742,1.05
22,2015-05-06,9351,1.11
22,2015-05-20,9046,1.17
22,2015-06-03,8960,1.19
22,2015-06-17,9094,1.21
22,2015-07-01,8720,1.22
22,2015-07-15,8548,1.34
22,2015-07-29,8526,1.35
22,2015-08-12,8526,1.35
22,2015-08-26,8184,1.37
22,2015-09-09,8689,1.39
22,2015-09-23,7990,1.42
22,2015-10-07,7815,1.66
22,2015-10-21,7697,1.69
22,2015-11-04,7731,1.72
22,2015-11-18,7808,1.76
22,2015-12-02,7164,1.79
22,2015-12-16,7208,1.84
22,2015-12-30,7188,1.93
22,2016-01-13,6889,1.97
22,2016-01-27,6785,1.97
22,2016-02-10,7132,1.98
22,2016-02-24,6590,2.00
22,2016-03-09,6457,2.01
22,2016-03-23,6399,2.05
22,2016-04-06,6365,2.18
22,2016-04-20,5568,2.28
22,2016-05-04,5458,2.33
22,2016-05-18,5565,2.37
22,2016-06-01,5494,2.38
22,2016-06-15,5149,2.41
22,2016-06-29,5067,2.44
22,2016-07-13,4857,2.50
22,2016-07-27,4776,2.53
22,2016-08-10,4419,2.58
22,2016-08-24,4309,2.60
22,2016-09-07,4330,2.60
22,2016-09-21,4146,2.61
22,2016-10-05,4316,2.61
22,2016-10-19,3397,2.76
23,2014-03-12,2554,0.18
23,2014-03-26,2700,0.20
23,2014-04-09,2505,0.21
23,2014-04-23,2744,0.23
23,2014-05-07,2548,0.24
23,2014-05-21,2593,0.28
23,2014-06-04,2622,0.30
23,2014-06-18,2677,0.32
23,2014-07-02,2762,0.36
23,2014-07-16,2514,0.39
23,2014-07-30,2661,0.40
23,2014-08-13,2649,0.41
23,2014-08-27,2683,0.56
23,2014-09-10,2779,0.58
23,2014-09-24,2632,0.58
23,2014-10-08,2554,0.60
23,2014-10-22,2765,0.67
23,2014-11-05,2675,0.70
23,2014-11-19,2773,0.73
23,2014-12-03,2649,0.81
23,2014-12-17,2615,0.86
23,2014-12-31,2748,0.94
23,2015-01-14,2714,0.99
23,2015-01-28,2674,1.00
23,2015-02-11,2798,1.01
23,2015-02-25,2839,1.01
23,2015-03-11,2692,1.03
23,2015-03-25,2681,1.05
23,2015-04-08,2755,1.09
23,2015-04-22,2748,1.14
23,2015-05-06,2661,1.21
23,2015-05-20,2745,1.22
23,2015-06-03,2708,1.25
23,2015-06-17,2647,1.31
23,2015-07-01,2802,1.33
23,2015-07-15,2832,1.35
23,2015-07-29,2660,1.41
23,2015-08-12,2706,1.44
23,2015-08-26,2903,1.55
23,2015-09-09,2805,1.65
23,2015-09-23,2693,1.66
23,2015-10-07,2758,1.72
23,2015-10-21,2874,1.74
23,2015-11-04,2896,1.89
23,2015-11-18,2842,1.91
23,2015-12-02,2843,1.92
23,2015-12-16,2744,2.03
23,2015-12-30,2919,2.15
23,2016-01-13,2938,2.18
23,2016-01-27,2929,2.22
23,2016-02-10,2902,2.33
23,2016-02-24,3041,2.38
23,2016-03-09,2870,2.41
23,2016-03-23,2815,2.44
23,2016-04-06,2787,2.45
23,2016-04-20,2984,2.49
23,2016-05-04,2837,2.49
23,2016-05-18,2853,2.50
23,2016-06-01,2935,2.56
23,2016-06-15,2909,2.58
23,2016-06-29,2836,2.59
23,2016-07-13,3084,2.66
23,2016-07-27,2907,2.67
23,2016-08-10,3088,2.69
23,2016-08-24,2837,2.70
23,2016-09-07,2867,2.70
23,2016-09-21,2889,2.75
23,2016-10-05,2934,2.75
23,2016-10-19,3054,2.76
24,2014-12-17,3576,1.30
24,2015-02-25,3354,1.41
24,2015-05-06,3381,1.48
24,2015-07-15,3134,1.80
24,2015-09-23,3138,1.83
24,2015-12-02,2756,2.07
24,2016-02-10,2673,2.19
24,2016-04-20,2849,2.20
24,2016-06-29,2725,2.54
24,2016-09-07,2639,2.66
25,2014-10-17,4068,1.09
25,2014-11-03,3786,1.13
25,2014-11-20,3782,1.15
25,2014-12-07,3990,1.16
25,2014-12-24,3871,1.18
25,2015-01-10,3394,1.29
25,2015-01-27,3592,1.31
25,2015-02-13,3367,1.33
25,2015-03-02,3129,1.55
25,2015-03-19,3006,1.59
25,2015-04-05,3269,1.61
25,2015-04-22,3190,1.64
25,2015-05-09,2936,1.78
25,2015-05-26,3091,1.79
25,2015-06-12,2964,1.80
25,2015-06-29,2947,1.82
25,2015-07-16,2879,1.87
25,2015-08-02,2798,1.88
25,2015-08-19,2784,1.92
25,2015-09-05,2863,1.95
25,2015-09-22,2816,2.04
25,2015-10-09,2830,2.04
25,2015-10-26,2659,2.07
25,2015-11-12,2888,2.08
25,2015-11-29,2675,2.09
25,2015-12-16,2808,2.12
25,2016-01-02,2816,2.20
25,2016-01-19,2565,2.27
25,2016-02-05,2547,2.28
25,2016-02-22,2603,2.33
25,2016-03-10,2537,2.33
25,2016-03-27,2646,2.35
25,2016-04-13,2476,2.38
25,2016-04-30,2576,2.39
25,2016-05-17,2472,2.42
25,2016-06-03,2558,2.43
25,2016-06-20,2510,2.55
25,2016-07-07,2541,2.57
25,2016-07-24,2630,2.60
25,2016-08-10,2417,2.67
25,2016-08-27,2514,2.68
25,2016-09-13,2563,2.68
25,2016-09-30,2510,2.69
25,2016-10-17,2545,2.85
26,2015-01-12,8410,1.13
26,2015-02-28,6603,1.84
26,2015-04-16,6340,1.96
26,2015-06-02,5929,2.10
26,2015-07-19,5978,2.18
26,2015-09-04,6095,2.18
26,2015-10-21,5539,2.23
26,2015-12-07,5775,2.45
26,2016-01-23,5515,2.49
26,2016-03-10,5657,2.55
26,2016-04-26,5393,2.57
26,2016-06-12,5681,2.62
26,2016-07-29,5159,2.70
26,2016-09-14,5446,2.79
27,2014-11-05,8410,1.14
27,2014-11-27,8371,1.16
27,2014-12-19,8151,1.23
27,2015-01-10,8134,1.28
27,2015-02-01,7948,1.29
27,2015-02-23,8011,1.55
27,2015-03-17,7350,1.57
27,2015-04-08,7311,1.57
27,2015-04-30,7250,1.58
27,2015-05-22,7760,1.59
27,2015-06-13,7422,1.62
27,2015-07-05,7536,1.65
27,2015-07-27,7335,1.70
27,2015-08-18,7149,1.73
27,2015-09-09,7358,1.76
27,2015-10-01,7054,1.78
27,2015-10-23,7016,1.87
27,2015-11-14,6785,1.97
27,2015-12-06,6524,1.98
27,2015-12-28,6563,2.01
27,2016-01-19,6432,2.08
27,2016-02-10,5865,2.14
27,2016-03-03,5742,2.15
27,2016-03-25,5643,2.18
27,2016-04-16,5844,2.19
27,2016-05-08,5581,2.24
27,2016-05-30,5112,2.33
27,2016-06-21,5247,2.35
27,2016-07-13,5270,2.40
27,2016-08-04,4778,2.45
27,2016-08-26,4689,2.47
27,2016-09-17,4975,2.47
27,2016-10-09,4668,2.49
28,2014-04-19,3531,0.72
28,2014-08-05,3682,0.84
28,2014-11-21,3814,0.95
28,2015-03-09,3641,1.33
28,2015-06-25,3695,1.42
28,2015-10-11,3897,1.48
28,2016-01-27,3916,2.48
28,2016-05-14,4153,2.75
28,2016-08-30,4088,2.93
29,2014-09-22,3735,0.79
29,2014-10-16,3576,0.83
29,2014-11-09,3539,0.83
29,2014-12-03,3544,0.86
29,2014-12-27,3823,0.91
29,2015-01-20,3539,0.97
29,2015-02-13,3715,1.05
29,2015-03-09,3719,1.09
29,2015-04-02,3435,1.11
29,2015-04-26,3570,1.12
29,2015-05-20,3284,1.30
29,2015-06-13,3186,1.47
29,2015-07-07,3129,1.58
29,2015-07-31,3276,1.59
29,2015-08-24,2984,1.60
29,2015-09-17,2825,1.76
29,2015-10-11,2883,1.84
29,2015-11-04,2934,1.87
29,2015-11-28,2680,1.93
29,2015-12-22,2744,2.02
29,2016-01-15,2509,2.06
29,2016-02-08,2624,2.09
29,2016-03-03,2327,2.17
29,2016-03-27,2358,2.24
29,2016-04-20,2281,2.29
29,2016-05-14,2270,2.29
29,2016-06-07,2288,2.34
29,2016-07-01,2216,2.35
29,2016-07-25,2189,2.36
29,2016-08-18,2079,2.45
29,2016-09-11,1828,2.49
29,2016-10-05,1866,2.49
30,2014-10-04,3868,0.66
30,2014-10-16,3968,0.66
30,2014-10-28,3934,0.69
30,2014-11-09,4042,0.73
30,2014-11-21,4194,0.88
30,2014-12-03,4032,0.88
30,2014-12-15,4115,0.89
30,2014-12-27,3935,0.90
30,2015-01-08,3861,1.09
30,2015-01-20,3971,1.12
30,2015-02-01,3827,1.13
30,2015-02-13,3964,1.15
30,2015-02-25,3907,1.17
30,2015-03-09,3860,1.18
30,2015-03-21,3681,1.21
30,2015-04-02,3617,1.24
30,2015-04-14,3636,1.24
30,2015-04-26,3608,1.25
30,2015-05-08,3656,1.26
30,2015-05-20,3843,1.26
30,2015-06-01,3889,1.29
30,2015-06-13,3582,1.30
30,2015-06-25,3720,1.35
30,2015-07-07,3655,1.36
30,2015-07-19,3617,1.38
30,2015-07-31,3546,1.47
30,2015-08-12,3536,1.48
30,2015-08-24,3437,1.49
30,2015-09-05,3374,1.50
30,2015-09-17,3501,1.53
30,2015-09-29,3508,1.54
30,2015-10-11,3486,1.56
30,2015-10-23,3268,1.62
30,2015-11-04,3264,1.67
30,2015-11-16,3375,1.69
30,2015-11-28,3182,1.70
30,2015-12-10,3368,1.75
30,2015-12-22,3384,1.75
30,2016-01-03,3000,1.83
30,2016-01-15,3189,1.89
30,2016-01-27,3120,1.93
30,2016-02-08,3019,1.96
30,2016-02-20,2906,2.01
30,2016-03-03,2949,2.06
30,2016-03-15,2862,2.09
30,2016-03-27,2820,2.09
30,2016-04-08,2764,2.09
30,2016-04-20,2873,2.11
30,2016-05-02,2856,2.13
30,2016-05-14,2826,2.14
30,2016-05-26,2581,2.15
30,2016-06-07,2729,2.15
30,2016-06-19,2605,2.22
30,2016-07-01,2432,2.24
30,2016-07-13,2488,2.29
30,2016-07-25,2521,2.32
30,2016-08-06,2394,2.33
30,2016-08-18,2211,2.44
30,2016-08-30,2192,2.46
30,2016-09-11,2109,2.48
30,2016-09-23,1953,2.51
30,2016-10-05,1994,2.52
30,2016-10-17,1809,2.61
31,2014-11-21,3123,1.03
31,2014-12-03,3081,1.15
31,2014-12-15,2868,1.21
31,2014-12-27,3023,1.25
31,2015-01-08,2915,1.29
31,2015-01-20,2936,1.34
31,2015-02-01,2995,1.37
31,2015-02-13,2815,1.39
31,2015-02-25,2956,1.43
31,2015-03-09,2754,1.44
31,2015-03-21,2804,1.46
31,2015-04-02,2805,1.50
31,2015-04-14,2855,1.52
31,2015-04-26,2834,1.59
31,2015-05-08,2842,1.61
31,2015-05-20,2756,1.62
31,2015-06-01,2663,1.66
31,2015-06-13,2772,1.73
31,2015-06-25,2779,1.76
31,2015-07-07,2736,1.77
31,2015-07-19,2777,1.77
31,2015-07-31,2760,1.79
31,2015-08-12,2676,1.80
31,2015-08-24,2868,1.80
31,2015-09-05,2631,1.82
31,2015-09-17,2834,1.83
31,2015-09-29,2711,1.83
31,2015-10-11,2753,1.91
31,2015-10-23,2644,1.91
31,2015-11-04,2818,1.93
31,2015-11-16,2747,1.95
31,2015-11-28,2824,1.98
31,2015-12-10,2578,1.99
31,2015-12-22,2736,2.03
31,2016-01-03,2568,2.08
31,2016-01-15,2686,2.11
31,2016-01-27,2694,2.17
31,2016-02-08,2595,2.22
31,2016-02-20,2564,2.28
31,2016-03-03,2693,2.35
31,2016-03-15,2772,2.37
31,2016-03-27,2585,2.37
31,2016-04-08,2598,2.37
31,2016-04-20,2783,2.41
31,2016-05-02,2726,2.48
31,2016-05-14,2685,2.50
31,2016-05-26,2752,2.50
31,2016-06-07,2645,2.50
31,2016-06-19,2578,2.52
31,2016-07-01,2630,2.55
31,2016-07-13,2602,2.59
31,2016-07-25,2560,2.65
31,2016-08-06,2667,2.66
31,2016-08-18,2614,2.66
31,2016-08-30,2680,2.68
31,2016-09-11,2626,2.69
31,2016-09-23,2639,2.76
31,2016-10-05,2652,2.78
31,2016-10-17,2625,2.78
32,2014-05-16,2070,0.38
32,2014-06-30,1940,0.49
32,2014-08-14,1992,0.50
32,2014-09-28,1968,0.57
32,2014-11-12,1930,0.60
32,2014-12-27,2038,1.06
32,2015-02-10,2009,1.08
32,2015-03-27,2127,1.14
32,2015-05-11,2071,1.18
32,2015-06-25,1710,1.59
32,2015-08-09,1548,1.78
32,2015-09-23,1443,1.99
32,2015-11-07,1374,2.19
32,2015-12-22,1427,2.23
32,2016-02-05,1301,2.53
32,2016-03-21,1301,2.67
32,2016-05-05,1347,2.67
32,2016-06-19,1345,2.68
32,2016-08-03,1293,2.79
32,2016-09-17,1251,2.90
33,2014-07-20,7321,0.58
33,2014-08-09,7512,0.59
33,2014-08-29,7827,0.63
33,2014-09-18,7568,0.64
33,2014-10-08,7478,0.70
33,2014-10-28,7203,0.77
33,2014-11-17,7656,0.87
33,2014-12-07,7721,0.94
33,2014-12-27,7957,0.96
33,2015-01-16,7354,1.08
33,2015-02-05,7342,1.14
33,2015-02-25,7000,1.17
33,2015-03-17,7037,1.17
33,2015-04-06,6963,1.26
33,2015-04-26,6999,1.27
33,2015-05-16,6508,1.41
33,2015-06-05,6672,1.41
33,2015-06-25,6226,1.43
33,2015-07-15,6565,1.45
33,2015-08-04,6336,1.53
33,2015-08-24,6031,1.54
33,2015-09-13,6407,1.54
33,2015-10-03,6165,1.55
33,2015-10-23,5977,1.58
33,2015-11-12,6210,1.63
33,2015-12-02,5699,1.66
33,2015-12-22,5895,1.80
33,2016-01-11,5809,1.80
33,2016-01-31,5459,1.96
33,2016-02-20,5629,2.06
33,2016-03-11,5267,2.14
33,2016-03-31,5140,2.16
33,2016-04-20,5475,2.19
33,2016-05-10,5208,2.22
33,2016-05-30,5062,2.29
33,2016-06-19,5189,2.49
33,2016-07-09,4752,2.51
33,2016-07-29,5085,2.56
33,2016-08-18,4709,2.57
33,2016-09-07,4741,2.63
33,2016-09-27,4908,2.67
33,2016-10-17,4792,2.70
34,2015-01-06,10223,0.99
34,2015-02-12,10248,1.04
34,2015-03-21,9375,1.21
34,2015-04-27,10003,1.26
34,2015-06-03,9333,1.26
34,2015-07-10,9202,1.39
34,2015-08-16,8846,1.45
34,2015-09-22,7945,1.65
34,2015-10-29,7699,1.86
34,2015-12-05,7115,1.99
34,2016-01-11,7307,2.03
34,2016-02-17,7444,2.08
34,2016-03-25,6918,2.09
34,2016-05-01,7082,2.15
34,2016-06-07,7431,2.18
34,2016-07-14,6788,2.26
34,2016-08-20,7161,2.35
34,2016-09-26,6483,2.43
35,2014-03-08,2992,0.22
35,2014-05-13,3077,0.38
35,2014-07-18,2416,0.68
35,2014-09-22,2310,0.79
35,2014-11-27,2146,0.81
35,2015-02-01,2050,0.92
35,2015-04-08,2000,1.38
35,2015-06-13,1953,1.49
35,2015-08-18,1978,1.55
35,2015-10-23,1857,1.59
35,2015-12-28,1791,1.78
35,2016-03-03,1817,1.79
35,2016-05-08,1855,2.05
35,2016-07-13,1835,2.20
35,2016-09-17,1884,2.31
36,2014-08-14,10177,0.65
36,2014-09-08,10047,0.69
36,2014-10-03,10452,0.70
36,2014-10-28,9600,0.80
36,2014-11-22,9957,0.81
36,2014-12-17,10425,0.84
36,2015-01-11,10209,0.91
36,2015-02-05,10219,0.93
36,2015-03-02,10381,0.95
36,2015-03-27,10052,1.00
36,2015-04-21,10602,1.08
36,2015-05-16,9796,1.10
36,2015-06-10,9522,1.14
36,2015-07-05,9408,1.20
36,2015-07-30,9263,1.22
36,2015-08-24,9216,1.23
36,2015-09-18,9170,1.24
36,2015-10-13,8723,1.30
36,2015-11-07,9151,1.34
36,2015-12-02,8348,1.60
36,2015-12-27,7778,1.60
36,2016-01-21,7974,1.76
36,2016-02-15,7937,1.81
36,2016-03-11,6933,2.05
36,2016-04-05,6735,2.11
36,2016-04-30,6910,2.21
36,2016-05-25,7105,2.22
36,2016-06-19,6802,2.32
36,2016-07-14,6879,2.34
36,2016-08-08,6618,2.39
36,2016-09-02,6292,2.51
36,2016-09-27,6365,2.57
36,2016-10-22,6425,2.61
37,2014-11-09,6963,0.77
37,2014-12-18,7489,0.84
37,2015-01-26,7130,0.94
37,2015-03-06,7230,1.15
37,2015-04-14,7008,1.18
37,2015-05-23,6793,1.28
37,2015-07-01,5864,1.43
37,2015-08-09,6088,1.53
37,2015-09-17,5598,1.69
37,2015-10-26,5693,1.70
37,2015-12-04,5773,1.75
37,2016-01-12,5328,1.88
37,2016-02-20,5469,1.95
37,2016-03-30,5130,1.97
37,2016-05-08,5119,2.00
37,2016-06-16,4622,2.44
37,2016-07-25,4717,2.47
37,2016-09-02,4693,2.47
37,2016-10-11,4454,2.65
38,2014-08-29,6371,0.71
38,2014-09-10,6541,0.75
38,2014-09-22,6041,0.76
38,2014-10-04,6107,0.77
38,2014-10-16,6422,0.87
38,2014-10-28,6587,0.89
38,2014-11-09,6191,0.94
38,2014-11-21,6384,0.95
38,2014-12-03,6454,0.97
38,2014-12-15,6053,1.01
38,2014-12-27,6502,1.02
38,2015-01-08,6621,1.09
38,2015-01-20,6506,1.13
38,2015-02-01,6128,1.15
38,2015-02-13,6404,1.21
38,2015-02-25,6346,1.23
38,2015-03-09,6700,1.23
38,2015-03-21,6226,1.26
38,2015-04-02,6533,1.31
38,2015-04-14,6698,1.32
38,2015-04-26,6510,1.34
38,2015-05-08,6355,1.36
38,2015-05-20,6735,1.43
38,2015-06-01,6236,1.50
38,2015-06-13,6758,1.50
38,2015-06-25,6203,1.50
38,2015-07-07,6762,1.51
38,2015-07-19,6379,1.54
38,2015-07-31,6811,1.56
38,2015-08-12,6327,1.58
38,2015-08-24,6362,1.59
38,2015-09-05,6494,1.59
38,2015-09-17,6540,1.63
38,2015-09-29,6872,1.64
38,2015-10-11,6319,1.66
38,2015-10-23,6460,1.69
38,2015-11-04,6295,1.69
38,2015-11-16,6266,1.70
38,2015-11-28,6335,1.71
38,2015-12-10,6744,1.75
38,2015-12-22,6354,1.77
38,2016-01-03,6728,1.80
38,2016-01-15,6645,1.85
38,2016-01-27,6748,1.86
38,2016-02-08,6789,1.98
38,2016-02-20,6802,2.02
38,2016-03-03,6671,2.13
38,2016-03-15,7053,2.16
38,2016-03-27,6752,2.17
38,2016-04-08,6867,2.21
38,2016-04-20,6566,2.22
38,2016-05-02,6508,2.25
38,2016-05-14,6966,2.30
38,2016-05-26,7004,2.31
38,2016-06-07,6667,2.32
38,2016-06-19,6520,2.39
38,2016-07-01,6929,2.39
38,2016-07-13,6595,2.41
38,2016-07-25,7121,2.45
38,2016-08-06,6676,2.45
38,2016-08-18,6748,2.46
38,2016-08-30,7063,2.48
38,2016-09-11,6669,2.53
38,2016-09-23,7012,2.53
38,2016-10-05,6706,2.54
38,2016-10-17,6854,2.57
39,2014-07-18,3750,0.65
39,2014-08-09,3638,0.74
39,2014-08-31,3843,0.75
39,2014-09-22,3632,0.81
39,2014-10-14,3858,0.83
39,2014-11-05,3652,0.92
39,2014-11-27,3745,0.92
39,2014-12-19,3697,0.96
39,2015-01-10,3663,0.98
39,2015-02-01,3555,1.00
39,2015-02-23,3646,1.09
39,2015-03-17,3572,1.10
39,2015-04-08,3689,1.12
39,2015-04-30,3602,1.16
39,2015-05-22,3908,1.18
39,2015-06-13,3609,1.20
39,2015-07-05,3876,1.21
39,2015-07-27,3915,1.22
39,2015-08-18,3923,1.26
39,2015-09-09,3844,1.34
39,2015-10-01,3965,1.47
39,2015-10-23,3986,1.48
39,2015-11-14,3777,1.59
39,2015-12-06,3744,1.62
39,2015-12-28,4064,1.77
39,2016-01-19,3754,1.88
39,2016-02-10,3834,1.89
39,2016-03-03,4061,1.95
39,2016-03-25,3806,1.95
39,2016-04-16,3894,2.00
39,2016-05-08,3780,2.02
39,2016-05-30,3839,2.02
39,2016-06-21,4001,2.04
39,2016-07-13,4022,2.05
39,2016-08-04,4055,2.31
39,2016-08-26,4107,2.37
39,2016-09-17,4170,2.48
39,2016-10-09,4134,2.50
40,2014-03-22,2301,0.16
40,2014-04-07,2345,0.33
40,2014-04-23,2368,0.43
40,2014-05-09,2262,0.43
40,2014-05-25,2371,0.45
40,2014-06-10,2371,0.45
40,2014-06-26,2456,0.47
40,2014-07-12,2354,0.51
40,2014-07-28,2450,0.52
40,2014-08-13,2326,0.58
40,2014-08-29,2353,0.60
40,2014-09-14,2343,0.62
40,2014-09-30,2452,0.73
40,2014-10-16,2352,0.80
40,2014-11-01,2405,0.84
40,2014-11-17,2526,0.84
40,2014-12-03,2494,0.87
40,2014-12-19,2366,0.92
40,2015-01-04,2391,0.92
40,2015-01-20,2416,1.03
40,2015-02-05,2539,1.04
40,2015-02-21,2479,1.05
40,2015-03-09,2422,1.11
40,2015-03-25,2212,1.22
40,2015-04-10,2337,1.24
40,2015-04-26,2224,1.27
40,2015-05-12,2070,1.36
40,2015-05-28,2231,1.37
40,2015-06-13,2094,1.38
40,2015-06-29,2018,1.51
40,2015-07-15,1922,1.56
40,2015-07-31,2044,1.57
40,2015-08-16,1836,1.65
40,2015-09-01,1859,1.66
40,2015-09-17,1896,1.81
40,2015-10-03,1858,1.83
40,2015-10-19,1721,1.87
40,2015-11-04,1766,1.89
40,2015-11-20,1734,1.92
40,2015-12-06,1788,2.02
40,2015-12-22,1726,2.09
40,2016-01-07,1723,2.12
40,2016-01-23,1613,2.17
40,2016-02-08,1740,2.19
40,2016-02-24,1608,2.21
40,2016-03-11,1733,2.21
40,2016-03-27,1618,2.26
40,2016-04-12,1680,2.27
40,2016-04-28,1677,2.28
40,2016-05-14,1658,2.29
40,2016-05-30,1635,2.31
40,2016-06-15,1540,2.42
40,2016-07-01,1562,2.49
40,2016-07-17,1635,2.58
40,2016-08-02,1511,2.61
40,2016-08-18,1524,2.62
40,2016-09-03,1461,2.70
40,2016-09-19,1590,2.71
40,2016-10-05,1572,2.76
40,2016-10-21,1553,2.78
41,2014-08-05,5127,0.41
41,2014-08-23,5077,0.42
41,2014-09-10,5158,0.53
41,2014-09-28,5178,0.61
41,2014-10-16,5533,0.65
41,2014-11-03,5422,0.73
41,2014-11-21,5058,0.76
41,2014-12-09,5385,0.79
41,2014-12-27,5255,0.80
41,2015-01-14,5254,0.90
41,2015-02-01,30000,0.94
41,2015-02-19,5429,1.05
41,2015-03-09,5442,1.10
41,2015-03-27,5298,1.12
41,2015-04-14,4846,1.28
41,2015-05-02,4993,1.28
41,2015-05-20,4648,1.36
41,2015-06-07,4503,1.41
41,2015-06-25,4666,1.41
41,2015-07-13,4554,1.42
41,2015-07-31,4324,1.72
41,2015-08-18,4256,1.79
41,2015-09-05,3890,1.79
41,2015-09-23,4032,1.79
41,2015-10-11,4010,1.81
41,2015-10-29,3967,1.83
41,2015-11-16,3805,1.89
41,2015-12-04,3865,1.95
41,2015-12-22,3847,1.99
41,2016-01-09,3956,2.06
41,2016-01-27,3674,2.08
41,2016-02-14,3598,2.08
41,2016-03-03,3773,2.12
41,2016-03-21,3653,2.13
41,2016-04-08,3856,2.18
41,2016-04-26,3646,2.24
41,2016-05-14,3539,2.29
41,2016-06-01,3750,2.30
41,2016-06-19,3761,2.31
41,2016-07-07,3693,2.33
41,2016-07-25,3459,2.33
41,2016-08-12,3343,2.57
41,2016-08-30,3407,2.58
41,2016-09-17,3422,2.73
41,2016-10-05,3400,2.74
41,2016-10-23,3294,2.79
42,2014-12-12,7634,0.79
42,2014-12-27,8282,0.81
42,2015-01-11,7842,0.81
42,2015-01-26,7930,0.83
42,2015-02-10,7837,0.90
42,2015-02-25,8251,0.93
42,2015-03-12,7707,0.98
42,2015-03-27,8371,1.12
42,2015-04-11,8293,1.13
42,2015-04-26,7854,1.15
42,2015-05-11,7903,1.17
42,2015-05-26,8400,1.19
42,2015-06-10,7829,1.19
42,2015-06-25,7874,1.20
42,2015-07-10,8241,1.20
42,2015-07-25,8526,1.20
42,2015-08-09,8217,1.24
42,2015-08-24,8528,1.30
42,2015-09-08,7970,1.34
42,2015-09-23,7982,1.37
42,2015-10-08,8270,1.37
42,2015-10-23,8521,1.38
42,2015-11-07,8468,1.45
42,2015-11-22,7902,1.48
42,2015-12-07,8337,1.53
42,2015-12-22,8519,1.57
42,2016-01-06,7983,1.58
42,2016-01-21,8528,1.59
42,2016-02-05,8582,1.62
42,2016-02-20,7920,1.63
42,2016-03-06,8533,1.70
42,2016-03-21,8462,1.73
42,2016-04-05,8169,1.73
42,2016-04-20,8181,1.76
42,2016-05-05,8467,1.94
42,2016-05-20,8852,1.95
42,2016-06-04,8607,1.97
42,2016-06-19,8841,2.02
42,2016-07-04,8803,2.03
42,2016-07-19,8080,2.03
42,2016-08-03,8232,2.09
42,2016-08-18,8879,2.30
42,2016-09-02,8988,2.35
42,2016-09-17,8958,2.38
42,2016-10-02,8524,2.58
42,2016-10-17,8659,2.59
43,2014-02-26,1016,0.09
43,2014-03-26,1013,0.24
43,2014-04-23,999,0.27
43,2014-05-21,996,0.31
43,2014-06-18,1071,0.36
43,2014-07-16,1042,0.40
43,2014-08-13,1063,0.59
43,2014-09-10,1086,0.73
43,2014-10-08,1055,0.84
43,2014-11-05,1109,0.96
43,2014-12-03,1084,0.99
43,2014-12-31,1026,1.00
43,2015-01-28,1070,1.02
43,2015-02-25,1109,1.06
43,2015-03-25,1041,1.09
43,2015-04-22,1042,1.11
43,2015-05-20,1062,1.18
43,2015-06-17,1077,1.25
43,2015-07-15,1100,1.29
43,2015-08-12,1125,1.34
43,2015-09-09,1044,1.36
43,2015-10-07,1133,1.39
43,2015-11-04,1087,1.45
43,2015-12-02,1093,1.46
43,2015-12-30,1047,1.51
43,2016-01-27,1090,1.60
43,2016-02-24,1064,1.63
43,2016-03-23,1079,1.81
43,2016-04-20,1121,1.86
43,2016-05-18,1161,2.17
43,2016-06-15,1096,2.21
43,2016-07-13,1100,2.39
43,2016-08-10,1189,2.45
43,2016-09-07,1162,2.47
43,2016-10-05,1197,2.48
44,2014-11-19,7544,0.75
44,2014-12-03,7361,0.78
44,2014-12-17,8114,0.82
44,2014-12-31,7682,0.91
44,2015-01-14,7877,1.01
44,2015-01-28,8077,1.02
44,2015-02-11,7658,1.05
44,2015-02-25,7827,1.11
44,2015-03-11,7969,1.13
44,2015-03-25,7224,1.18
44,2015-04-08,7822,1.19
44,2015-04-22,7710,1.19
44,2015-05-06,7740,1.21
44,2015-05-20,7186,1.26
44,2015-06-03,6795,1.28
44,2015-06-17,7047,1.29
44,2015-07-01,6585,1.36
44,2015-07-15,6733,1.38
44,2015-07-29,7075,1.38
44,2015-08-12,6750,1.41
44,2015-08-26,6784,1.41
44,2015-09-09,6668,1.44
44,2015-09-23,6709,1.50
44,2015-10-07,6692,1.52
44,2015-10-21,6523,1.62
44,2015-11-04,5847,1.73
44,2015-11-18,5692,1.75
44,2015-12-02,5999,1.78
44,2015-12-16,5863,1.79
44,2015-12-30,5696,1.82
44,2016-01-13,5665,1.84
44,2016-01-27,5836,1.88
44,2016-02-10,5518,1.90
44,2016-02-24,5874,1.97
44,2016-03-09,5440,2.00
44,2016-03-23,5389,2.04
44,2016-04-06,5389,2.04
44,2016-04-20,5506,2.08
44,2016-05-04,5180,2.15
44,2016-05-18,5494,2.16
44,2016-06-01,5573,2.21
44,2016-06-15,5425,2.30
44,2016-06-29,4934,2.41
44,2016-07-13,5123,2.43
44,2016-07-27,4988,2.47
44,2016-08-10,4890,2.53
44,2016-08-24,5083,2.61
44,2016-09-07,4776,2.62
44,2016-09-21,4887,2.64
44,2016-10-05,5182,2.68
44,2016-10-19,4765,2.75
45,2014-12-17,398,0.88
45,2015-01-21,417,1.16
45,2015-02-25,401,1.18
45,2015-04-01,397,1.18
45,2015-05-06,390,1.26
45,2015-06-10,357,1.29
45,2015-07-15,370,1.32
45,2015-08-19,372,1.34
45,2015-09-23,334,1.53
45,2015-10-28,323,1.61
45,2015-12-02,321,1.62
45,2016-01-06,311,1.65
45,2016-02-10,318,1.79
45,2016-03-16,293,1.95
45,2016-04-20,295,2.09
45,2016-05-25,281,2.12
45,2016-06-29,275,2.12
45,2016-08-03,271,2.18
45,2016-09-07,277,2.21
45,2016-10-12,30000,2.21
46,2014-11-09,3445,1.00
46,2014-12-05,3569,1.11
46,2014-12-31,3575,1.14
46,2015-01-26,3349,1.26
46,2015-02-21,3578,1.26
46,2015-03-19,3471,1.35
46,2015-04-14,3492,1.37
46,2015-05-10,3410,1.41
46,2015-06-05,3614,1.46
46,2015-07-01,3625,1.52
46,2015-07-27,3563,1.57
46,2015-08-22,3654,1.58
46,2015-09-17,3658,1.60
46,2015-10-13,3550,1.60
46,2015-11-08,3444,1.61
46,2015-12-04,3772,1.73
46,2015-12-30,3599,1.77
46,2016-01-25,3669,1.86
46,2016-02-20,3489,1.87
46,2016-03-17,3473,1.88
46,2016-04-12,3529,1.89
46,2016-05-08,3712,2.19
46,2016-06-03,3538,2.25
46,2016-06-29,3582,2.29
46,2016-07-25,3811,2.42
46,2016-08-20,3564,2.50
46,2016-09-15,3800,2.56
46,2016-10-11,3898,2.58
47,2014-02-06,3715,0.10
47,2014-02-18,3502,0.22
47,2014-03-02,3576,0.23
47,2014-03-14,3711,0.27
47,2014-03-26,3458,0.28
47,2014-04-07,3458,0.28
47,2014-04-19,3771,0.30
47,2014-05-01,3744,0.35
47,2014-05-13,3729,0.37
47,2014-05-25,3818,0.45
47,2014-06-06,3595,0.54
47,2014-06-18,3678,0.59
47,2014-06-30,3828,0.60
47,2014-07-12,3756,0.61
47,2014-07-24,3710,0.66
47,2014-08-05,3841,0.67
47,2014-08-17,3878,0.86
47,2014-08-29,3734,0.89
47,2014-09-10,3705,0.94
47,2014-09-22,3839,0.95
47,2014-10-04,3807,0.98
47,2014-10-16,3820,1.05
47,2014-10-28,3730,1.07
47,2014-11-09,3775,1.11
47,2014-11-21,3684,1.13
47,2014-12-03,3885,1.19
47,2014-12-15,3847,1.19
47,2014-12-27,3695,1.19
47,2015-01-08,3640,1.20
47,2015-01-20,3640,1.20
47,2015-02-01,3880,1.26
47,2015-02-13,3997,1.27
47,2015-02-25,4001,1.29
47,2015-03-09,60000,1.30
47,2015-03-21,3974,1.35
47,2015-04-02,3871,1.41
47,2015-04-14,3815,1.42
47,2015-04-26,3954,1.44
47,2015-05-08,3857,1.44
47,2015-05-20,3788,1.48
47,2015-06-01,3751,1.49
47,2015-06-13,3867,1.49
47,2015-06-25,3869,1.50
47,2015-07-07,3907,1.50
47,2015-07-19,3946,1.50
47,2015-07-31,4028,1.52
47,2015-08-12,3993,1.54
47,2015-08-24,3803,1.56
47,2015-09-05,3686,1.56
47,2015-09-17,3738,1.63
47,2015-09-29,3797,1.63
47,2015-10-11,4056,1.66
47,2015-10-23,3730,1.69
47,2015-11-04,3798,1.74
47,2015-11-16,3749,1.79
47,2015-11-28,3811,1.81
47,2015-12-10,3968,1.81
47,2015-12-22,3839,1.85
47,2016-01-03,4075,1.85
47,2016-01-15,4008,1.91
47,2016-01-27,4107,1.91
47,2016-02-08,4071,1.93
47,2016-02-20,4093,1.94
47,2016-03-03,3955,1.94
47,2016-03-15,3975,1.94
47,2016-03-27,3911,2.02
47,2016-04-08,4068,2.11
47,2016-04-20,3817,2.15
47,2016-05-02,3881,2.17
47,2016-05-14,4105,2.19
47,2016-05-26,3926,2.20
47,2016-06-07,3996,2.25
47,2016-06-19,4035,2.34
47,2016-07-01,3966,2.40
47,2016-07-13,3966,2.40
47,2016-07-25,3862,2.49
47,2016-08-06,4207,2.49
47,2016-08-18,4118,2.55
47,2016-08-30,3934,2.65
47,2016-09-11,4241,2.65
47,2016-09-23,4141,2.66
47,2016-10-05,30000,2.68
47,2016-10-17,3997,2.76
48,2015-03-24,3952,0.57
48,2015-08-20,3951,0.88
48,2016-01-16,4559,1.93
48,2016-06-13,4445,2.41
49,2014-10-26,1104,0.80
49,2015-08-20,954,1.65
49,2016-06-13,876,2.77
50,2014-11-17,3506,0.84
50,2014-12-07,3358,0.86
50,2014-12-27,3271,0.92
50,2015-01-16,3382,0.96
50,2015-02-05,3242,1.02
50,2015-02-25,3267,1.09
50,2015-03-17,3083,1.12
50,2015-04-06,3307,1.22
50,2015-04-26,3000,1.26
50,2015-05-16,3137,1.30
50,2015-06-05,2975,1.38
50,2015-06-25,3006,1.42
50,2015-07-15,2986,1.43
50,2015-08-04,3063,1.47
50,2015-08-24,2981,1.58
50,2015-09-13,3117,1.69
50,2015-10-03,2853,1.73
50,2015-10-23,2891,1.76
50,2015-11-12,3068,1.77
50,2015-12-02,3055,1.83
50,2015-12-22,2907,1.83
50,2016-01-11,2918,1.85
50,2016-01-31,3049,1.86
50,2016-02-20,3027,1.90
50,2016-03-11,3040,1.91
50,2016-03-31,3011,2.00
50,2016-04-20,2792,2.11
50,2016-05-10,2894,2.11
50,2016-05-30,2785,2.18
50,2016-06-19,2993,2.30
50,2016-07-09,2859,2.34
50,2016-07-29,2767,2.42
50,2016-08-18,2910,2.47
50,2016-09-07,2923,2.50
50,2016-09-27,2977,2.59
50,2016-10-17,2773,2.65
51,2014-06-06,1043,0.44
51,2014-06-19,1096,0.53
51,2014-07-02,1053,0.53
51,2014-07-15,1037,0.54
51,2014-07-28,1142,0.57
51,2014-08-10,1059,0.65
51,2014-08-23,1143,0.67
51,2014-09-05,1085,0.72
51,2014-09-18,1062,0.81
51,2014-10-01,1158,0.85
51,2014-10-14,1070,0.86
51,2014-10-27,1127,0.88
51,2014-11-09,1079,0.91
51,2014-11-22,1085,0.92
51,2014-12-05,1113,0.93
51,2014-12-18,1097,0.94
51,2014-12-31,1086,0.94
51,2015-01-13,1130,1.03
51,2015-01-26,1068,1.03
51,2015-02-08,1065,1.08
51,2015-02-21,1066,1.09
51,2015-03-06,1160,1.16
51,2015-03-19,1177,1.17
51,2015-04-01,1082,1.18
51,2015-04-14,1139,1.19
51,2015-04-27,1084,1.21
51,2015-05-10,1128,1.30
51,2015-05-23,1083,1.40
51,2015-06-05,1119,1.44
51,2015-06-18,1103,1.46
51,2015-07-01,1118,1.52
51,2015-07-14,1137,1.55
51,2015-07-27,1137,1.55
51,2015-08-09,1154,1.56
51,2015-08-22,1181,1.62
51,2015-09-04,1103,1.67
51,2015-09-17,1156,1.68
51,2015-09-30,1116,1.70
51,2015-10-13,1128,1.71
51,2015-10-26,1164,1.73
51,2015-11-08,1196,1.77
51,2015-11-21,1171,1.85
51,2015-12-04,1126,1.87
51,2015-12-17,1156,1.89
51,2015-12-30,1153,1.93
51,2016-01-12,1194,1.94
51,2016-01-25,1185,1.98
51,2016-02-07,1230,2.04
51,2016-02-20,1195,2.06
51,2016-03-04,1146,2.13
51,2016-03-17,1191,2.18
51,2016-03-30,1233,2.19
51,2016-04-12,1185,2.19
51,2016-04-25,1133,2.20
51,2016-05-08,1229,2.23
51,2016-05-21,1185,2.28
51,2016-06-03,1156,2.29
51,2016-06-16,1256,2.46
51,2016-06-29,1215,2.48
51,2016-07-12,1252,2.60
51,2016-07-25,1236,2.63
51,2016-08-07,1154,2.67
51,2016-08-20,1209,2.68
51,2016-09-02,1218,2.74
51,2016-09-15,1248,2.82
51,2016-09-28,1224,2.83
51,2016-10-11,1169,2.84
51,2016-10-24,1170,2.85
52,2014-03-20,5945,0.31
52,2014-04-02,6022,0.36
52,2014-04-15,5997,0.38
52,2014-04-28,6468,0.39
52,2014-05-11,6388,0.41
52,2014-05-24,5845,0.50
52,2014-06-06,5114,0.55
52,2014-06-19,5245,0.57
52,2014-07-02,5483,0.57
52,2014-07-15,5415,0.58
52,2014-07-28,5168,0.59
52,2014-08-10,5071,0.61
52,2014-08-23,4834,0.62
52,2014-09-05,4954,0.63
52,2014-09-18,5142,0.65
52,2014-10-01,4859,0.67
52,2014-10-14,5155,0.67
52,2014-10-27,4632,0.71
52,2014-11-09,4656,0.72
52,2014-11-22,4705,0.73
52,2014-12-05,4496,0.76
52,2014-12-18,4637,0.76
52,2014-12-31,4717,0.80
52,2015-01-13,4323,0.84
52,2015-01-26,4414,0.84
52,2015-02-08,4542,0.96
52,2015-02-21,4401,1.02
52,2015-03-06,4389,1.03
52,2015-03-19,4463,1.04
52,2015-04-01,4169,1.12
52,2015-04-14,3972,1.18
52,2015-04-27,3957,1.20
52,2015-05-10,3990,1.21
52,2015-05-23,3962,1.25
52,2015-06-05,4104,1.28
52,2015-06-18,4134,1.36
52,2015-07-01,4111,1.40
52,2015-07-14,3966,1.41
52,2015-07-27,3986,1.41
52,2015-08-09,3782,1.46
52,2015-08-22,3837,1.47
52,2015-09-04,3740,1.51
52,2015-09-17,4086,1.53
52,2015-09-30,4049,1.57
52,2015-10-13,4057,1.60
52,2015-10-26,3925,1.64
52,2015-11-08,4022,1.64
52,2015-11-21,3808,1.70
52,2015-12-04,4014,1.72
52,2015-12-17,3912,1.74
52,2015-12-30,3854,1.74
52,2016-01-12,3810,1.76
52,2016-01-25,3974,1.79
52,2016-02-07,3767,1.85
52,2016-02-20,3920,1.85
52,2016-03-04,3892,1.98
52,2016-03-17,3900,2.04
52,2016-03-30,3821,2.06
52,2016-04-12,3623,2.12
52,2016-04-25,3916,2.18
52,2016-05-08,3703,2.23
52,2016-05-21,3737,2.26
52,2016-06-03,3661,2.27
52,2016-06-16,3791,2.28
52,2016-06-29,3659,2.29
52,2016-07-12,3789,2.30
52,2016-07-25,3752,2.30
52,2016-08-07,3638,2.31
52,2016-08-20,3878,2.35
52,2016-09-02,3654,2.35
52,2016-09-15,3615,2.36
52,2016-09-28,3876,2.38
52,2016-10-11,3913,2.38
52,2016-10-24,3795,2.46
53,2014-08-17,532,0.43
53,2014-09-05,496,0.52
53,2014-09-24,510,0.58
53,2014-10-13,519,0.62
53,2014-11-01,493,0.72
53,2014-11-20,503,0.79
53,2014-12-09,525,0.95
53,2014-12-28,527,1.02
53,2015-01-16,501,1.04
53,2015-02-04,549,1.06
53,2015-02-23,525,1.13
53,2015-03-14,516,1.19
53,2015-04-02,495,1.20
53,2015-04-21,488,1.26
53,2015-05-10,476,1.26
53,2015-05-29,433,1.49
53,2015-06-17,418,1.50
53,2015-07-06,419,1.51
53,2015-07-25,426,1.56
53,2015-08-13,431,1.61
53,2015-09-01,402,1.67
53,2015-09-20,403,1.70
53,2015-10-09,398,1.74
53,2015-10-28,402,1.74
53,2015-11-16,410,1.79
53,2015-12-05,378,1.83
53,2015-12-24,379,1.86
53,2016-01-12,387,1.93
53,2016-01-31,390,1.98
53,2016-02-19,382,2.00
53,2016-03-09,389,2.05
53,2016-03-28,360,2.09
53,2016-04-16,380,2.11
53,2016-05-05,377,2.18
53,2016-05-24,350,2.23
53,2016-06-12,341,2.25
53,2016-07-01,341,2.25
53,2016-07-20,359,2.30
53,2016-08-08,356,2.33
53,2016-08-27,337,2.37
53,2016-09-15,332,2.46
53,2016-10-04,347,2.53
53,2016-10-23,329,2.56
54,2014-10-04,4458,0.80
54,2014-10-16,4552,0.81
54,2014-10-28,4511,0.82
54,2014-11-09,4515,0.83
54,2014-11-21,4275,0.84
54,2014-12-03,4375,0.86
54,2014-12-15,4256,0.88
54,2014-12-27,4494,0.91
54,2015-01-08,4408,0.94
54,2015-01-20,4330,0.95
54,2015-02-01,4087,1.01
54,2015-02-13,4202,1.02
54,2015-02-25,4096,1.04
54,2015-03-09,4089,1.11
54,2015-03-21,4156,1.15
54,2015-04-02,4001,1.19
54,2015-04-14,3933,1.20
54,2015-04-26,4177,1.25
54,2015-05-08,3977,1.25
54,2015-05-20,3793,1.32
54,2015-06-01,3984,1.40
54,2015-06-13,4051,1.42
54,2015-06-25,3701,1.46
54,2015-07-07,3905,1.48
54,2015-07-19,3890,1.56
54,2015-07-31,3620,1.62
54,2015-08-12,3758,1.66
54,2015-08-24,3641,1.67
54,2015-09-05,3793,1.67
54,2015-09-17,3730,1.69
54,2015-09-29,3806,1.69
54,2015-10-11,3927,1.79
54,2015-10-23,3668,1.85
54,2015-11-04,3545,1.90
54,2015-11-16,3562,1.91
54,2015-11-28,3612,1.94
54,2015-12-10,3606,1.97
54,2015-12-22,3603,1.99
54,2016-01-03,3712,2.00
54,2016-01-15,3709,2.02
54,2016-01-27,3852,2.05
54,2016-02-08,3518,2.05
54,2016-02-20,3682,2.07
54,2016-03-03,3544,2.13
54,2016-03-15,3518,2.19
54,2016-03-27,3626,2.21
54,2016-04-08,3644,2.21
54,2016-04-20,3626,2.21
54,2016-05-02,3827,2.22
54,2016-05-14,3550,2.23
54,2016-05-26,3493,2.25
54,2016-06-07,3635,2.30
54,2016-06-19,3818,2.31
54,2016-07-01,3556,2.37
54,2016-07-13,3772,2.41
54,2016-07-25,3643,2.42
54,2016-08-06,3606,2.43
54,2016-08-18,3641,2.46
54,2016-08-30,3726,2.58
54,2016-09-11,3798,2.60
54,2016-09-23,3487,2.62
54,2016-10-05,3596,2.63
54,2016-10-17,3741,2.65
55,2014-06-18,7932,0.46
55,2014-07-02,7932,0.46
55,2014-07-16,7579,0.46
55,2014-07-30,7504,0.47
55,2014-08-13,8101,0.49
55,2014-08-27,8090,0.56
55,2014-09-10,7976,0.57
55,2014-09-24,7659,0.67
55,2014-10-08,7964,0.74
55,2014-10-22,8176,0.77
55,2014-11-05,8036,0.82
55,2014-11-19,8177,0.87
55,2014-12-03,7696,0.87
55,2014-12-17,7784,0.89
55,2014-12-31,7797,0.92
55,2015-01-14,7717,0.92
55,2015-01-28,8284,0.94
55,2015-02-11,8324,0.94
55,2015-02-25,7910,0.95
55,2015-03-11,8150,1.02
55,2015-03-25,7436,1.05
55,2015-04-08,7502,1.15
55,2015-04-22,7655,1.15
55,2015-05-06,7718,1.22
55,2015-05-20,7680,1.26
55,2015-06-03,7698,1.27
55,2015-06-17,7070,1.37
55,2015-07-01,7010,1.42
55,2015-07-15,6740,1.45
55,2015-07-29,7022,1.45
55,2015-08-12,7016,1.60
55,2015-08-26,7005,1.62
55,2015-09-09,6936,1.65
55,2015-09-23,6472,1.68
55,2015-10-07,6163,1.76
55,2015-10-21,6455,1.81
55,2015-11-04,6156,1.83
55,2015-11-18,6416,1.85
55,2015-12-02,5667,1.93
55,2015-12-16,5948,1.97
55,2015-12-30,6096,1.98
55,2016-01-13,5516,1.99
55,2016-01-27,5753,2.05
55,2016-02-10,5695,2.07
55,2016-02-24,5138,2.13
55,2016-03-09,5429,2.15
55,2016-03-23,5375,2.15
55,2016-04-06,5042,2.19
55,2016-04-20,4900,2.22
55,2016-05-04,4845,2.34
55,2016-05-18,4490,2.34
55,2016-06-01,4727,2.39
55,2016-06-15,4336,2.45
55,2016-06-29,4425,2.46
55,2016-07-13,3926,2.50
55,2016-07-27,3574,2.60
55,2016-08-10,3361,2.63
55,2016-08-24,3452,2.65
55,2016-09-07,3433,2.66
55,2016-09-21,3518,2.66
55,2016-10-05,3039,2.70
55,2016-10-19,3201,2.71
56,2014-02-12,7488,0.17
56,2014-02-26,8116,0.18
56,2014-03-12,7460,0.20
56,2014-03-26,7514,0.24
56,2014-04-09,8145,0.25
56,2014-04-23,7498,0.30
56,2014-05-07,7541,0.31
56,2014-05-21,8213,0.32
56,2014-06-04,8185,0.35
56,2014-06-18,7595,0.35
56,2014-07-02,8229,0.36
56,2014-07-16,7749,0.41
56,2014-07-30,7485,0.43
56,2014-08-13,7268,0.48
56,2014-08-27,7163,0.50
56,2014-09-10,6888,0.51
56,2014-09-24,6686,0.57
56,2014-10-08,6227,0.59
56,2014-10-22,6148,0.64
56,2014-11-05,6205,0.65
56,2014-11-19,6356,0.66
56,2014-12-03,6437,0.68
56,2014-12-17,6152,0.70
56,2014-12-31,5999,0.70
56,2015-01-14,6118,0.73
56,2015-01-28,6208,0.76
56,2015-02-11,5556,0.82
56,2015-02-25,5707,0.83
56,2015-03-11,5720,0.85
56,2015-03-25,5863,0.89
56,2015-04-08,5336,1.08
56,2015-04-22,5140,1.11
56,2015-05-06,5344,1.14
56,2015-05-20,5389,1.17
56,2015-06-03,5263,1.19
56,2015-06-17,5119,1.26
56,2015-07-01,5367,1.27
56,2015-07-15,5222,1.29
56,2015-07-29,5146,1.32
56,2015-08-12,4858,1.33
56,2015-08-26,5267,1.36
56,2015-09-09,4810,1.40
56,2015-09-23,4800,1.50
56,2015-10-07,4770,1.51
56,2015-10-21,4764,1.52
56,2015-11-04,4903,1.54
56,2015-11-18,4700,1.55
56,2015-12-02,4690,1.57
56,2015-12-16,4784,1.58
56,2015-12-30,4879,1.64
56,2016-01-13,4797,1.66
56,2016-01-27,4879,1.70
56,2016-02-10,5043,1.78
56,2016-02-24,4963,1.80
56,2016-03-09,4646,1.81
56,2016-03-23,5002,1.83
56,2016-04-06,4564,1.93
56,2016-04-20,4813,1.99
56,2016-05-04,4589,2.03
56,2016-05-18,4960,2.08
56,2016-06-01,4958,2.09
56,2016-06-15,4548,2.12
56,2016-06-29,4612,2.16
56,2016-07-13,4938,2.20
56,2016-07-27,4854,2.29
56,2016-08-10,4616,2.30
56,2016-08-24,4893,2.36
56,2016-09-07,4747,2.40
56,2016-09-21,4577,2.45
56,2016-10-05,4789,2.46
56,2016-10-19,4670,2.47
57,2014-08-31,4074,1.05
57,2014-09-22,4083,1.15
57,2014-10-14,3885,1.17
57,2014-11-05,3800,1.26
57,2014-11-27,3998,1.29
57,2014-12-19,3874,1.30
57,2015-01-10,4103,1.31
57,2015-02-01,4027,1.37
57,2015-02-23,3676,1.41
57,2015-03-17,3730,1.55
57,2015-04-08,3943,1.59
57,2015-04-30,3940,1.65
57,2015-05-22,3861,1.66
57,2015-06-13,3895,1.67
57,2015-07-05,3820,1.73
57,2015-07-27,3643,1.76
57,2015-08-18,3896,1.79
57,2015-09-09,3779,1.81
57,2015-10-01,3665,1.82
57,2015-10-23,3547,1.85
57,2015-11-14,3735,1.92
57,2015-12-06,3558,1.98
57,2015-12-28,3737,2.01
57,2016-01-19,3817,2.08
57,2016-02-10,3485,2.09
57,2016-03-03,3723,2.09
57,2016-03-25,3575,2.10
57,2016-04-16,3482,2.11
57,2016-05-08,3699,2.13
57,2016-05-30,3617,2.20
57,2016-06-21,3480,2.29
57,2016-07-13,3712,2.34
57,2016-08-04,3493,2.35
57,2016-08-26,3748,2.35
57,2016-09-17,3782,2.37
57,2016-10-09,3558,2.46
58,2014-01-28,5013,0.11
58,2014-02-24,4626,0.12
58,2014-03-23,4967,0.12
58,2014-04-19,4938,0.20
58,2014-05-16,4777,0.24
58,2014-06-12,4698,0.43
58,2014-07-09,4832,0.47
58,2014-08-05,5061,0.79
58,2014-09-01,4854,0.87
58,2014-09-28,5129,0.91
58,2014-10-25,5099,0.94
58,2014-11-21,4829,1.01
58,2014-12-18,5076,1.10
58,2015-01-14,4688,1.10
58,2015-02-10,4747,1.18
58,2015-03-09,4784,1.21
58,2015-04-05,4727,1.28
58,2015-05-02,4552,1.33
58,2015-05-29,4793,1.34
58,2015-06-25,4676,1.36
58,2015-07-22,4543,1.43
58,2015-08-18,4375,1.62
58,2015-09-14,3951,1.70
58,2015-10-11,4028,1.76
58,2015-11-07,3907,1.76
58,2015-12-04,4033,1.77
58,2015-12-31,3681,1.86
58,2016-01-27,3906,1.90
58,2016-02-23,3532,1.98
58,2016-03-21,3363,2.06
58,2016-04-17,3346,2.09
58,2016-05-14,3623,2.10
58,2016-06-10,3016,2.25
58,2016-07-07,3168,2.29
58,2016-08-03,2743,2.40
58,2016-08-30,2593,2.50
58,2016-09-26,2242,2.64
58,2016-10-23,2017,2.66
59,2014-07-24,4637,0.52
59,2014-08-05,4921,0.52
59,2014-08-17,4590,0.52
59,2014-08-29,4691,0.53
59,2014-09-10,4360,0.57
59,2014-09-22,4643,0.58
59,2014-10-04,4111,0.64
59,2014-10-16,4378,0.67
59,2014-10-28,4378,0.67
59,2014-11-09,4268,0.68
59,2014-11-21,4226,0.68
59,2014-12-03,4322,0.72
59,2014-12-15,4180,0.78
59,2014-12-27,3879,0.78
59,2015-01-08,3865,0.80
59,2015-01-20,3774,0.82
59,2015-02-01,3774,0.82
59,2015-02-13,3524,1.01
59,2015-02-25,3523,1.05
59,2015-03-09,3734,1.06
59,2015-03-21,3689,1.07
59,2015-04-02,3534,1.08
59,2015-04-14,3756,1.14
59,2015-04-26,3676,1.15
59,2015-05-08,3518,1.17
59,2015-05-20,3647,1.19
59,2015-06-01,3391,1.20
59,2015-06-13,3420,1.21
59,2015-06-25,3443,1.23
59,2015-07-07,3532,1.42
59,2015-07-19,3337,1.57
59,2015-07-31,3461,1.60
59,2015-08-12,3461,1.60
59,2015-08-24,3371,1.62
59,2015-09-05,3388,1.62
59,2015-09-17,3331,1.64
59,2015-09-29,3286,1.68
59,2015-10-11,3487,1.68
59,2015-10-23,3381,1.70
59,2015-11-04,3254,1.74
59,2015-11-16,3470,1.74
59,2015-11-28,3204,1.74
59,2015-12-10,3370,1.74
59,2015-12-22,3195,1.78
59,2016-01-03,3287,1.81
59,2016-01-15,3378,1.85
59,2016-01-27,3220,1.90
59,2016-02-08,3313,1.93
59,2016-02-20,3147,1.94
59,2016-03-03,3260,1.95
59,2016-03-15,3111,1.96
59,2016-03-27,3335,1.99
59,2016-04-08,3335,1.99
59,2016-04-20,3260,2.05
59,2016-05-02,3194,2.06
59,2016-05-14,3191,2.08
59,2016-05-26,3380,2.13
59,2016-06-07,3395,2.14
59,2016-06-19,3305,2.22
59,2016-07-01,3205,2.25
59,2016-07-13,3302,2.25
59,2016-07-25,3217,2.29
59,2016-08-06,3370,2.40
59,2016-08-18,3304,2.42
59,2016-08-30,3157,2.46
59,2016-09-11,3076,2.47
59,2016-09-23,3263,2.59
59,2016-10-05,3343,2.62
59,2016-10-17,3310,2.64
60,2014-06-20,7337,0.51
60,2014-07-07,7490,0.53
60,2014-07-24,7111,0.59
60,2014-08-10,7049,0.62
60,2014-08-27,7239,0.64
60,2014-09-13,7257,0.69
60,2014-09-30,7040,0.70
60,2014-10-17,7004,0.70
60,2014-11-03,7429,0.76
60,2014-11-20,7174,0.87
60,2014-12-07,7136,0.97
60,2014-12-24,7400,0.98
60,2015-01-10,7430,1.06
60,2015-01-27,7291,1.09
60,2015-02-13,7781,1.10
60,2015-03-02,7332,1.10
60,2015-03-19,7670,1.20
60,2015-04-05,7674,1.21
60,2015-04-22,7168,1.27
60,2015-05-09,7891,1.38
60,2015-05-26,7816,1.48
60,2015-06-12,7568,1.53
60,2015-06-29,7797,1.53
60,2015-07-16,7782,1.59
60,2015-08-02,7998,1.65
60,2015-08-19,7475,1.69
60,2015-09-05,7455,1.74
60,2015-09-22,7942,1.80
60,2015-10-09,7884,1.85
60,2015-10-26,8125,1.87
60,2015-11-12,7698,1.87
60,2015-11-29,7554,1.90
60,2015-12-16,7674,1.91
60,2016-01-02,7491,1.94
60,2016-01-19,7889,1.96
60,2016-02-05,8108,2.02
60,2016-02-22,7646,2.04
60,2016-03-10,7540,2.07
60,2016-03-27,7779,2.08
60,2016-04-13,8141,2.10
60,2016-04-30,7570,2.15
60,2016-05-17,7814,2.17
60,2016-06-03,7621,2.18
60,2016-06-20,8111,2.22
60,2016-07-07,7937,2.28
60,2016-07-24,8227,2.31
60,2016-08-10,8394,2.52
60,2016-08-27,8362,2.54
60,2016-09-13,8044,2.55
60,2016-09-30,7964,2.55
60,2016-10-17,7963,2.65
61,2014-07-29,303,0.42
61,2014-08-17,304,0.49
61,2014-09-05,306,0.51
61,2014-09-24,326,0.62
61,2014-10-13,306,0.63
61,2014-11-01,324,0.64
61,2014-11-20,320,0.70
61,2014-12-09,327,0.77
61,2014-12-28,310,0.83
61,2015-01-16,328,0.83
61,2015-02-04,332,0.85
61,2015-02-23,313,0.87
61,2015-03-14,319,0.88
61,2015-04-02,310,0.89
61,2015-04-21,328,0.92
61,2015-05-10,338,0.92
61,2015-05-29,328,0.98
61,2015-06-17,309,1.15
61,2015-07-06,322,1.22
61,2015-07-25,307,1.30
61,2015-08-13,280,1.31
61,2015-09-01,288,1.31
61,2015-09-20,296,1.40
61,2015-10-09,276,1.44
61,2015-10-28,277,1.45
61,2015-11-16,272,1.47
61,2015-12-05,264,1.59
61,2015-12-24,263,1.68
61,2016-01-12,253,1.72
61,2016-01-31,239,1.75
61,2016-02-19,237,1.82
61,2016-03-09,255,1.83
61,2016-03-28,220,2.12
61,2016-04-16,234,2.12
61,2016-05-05,216,2.31
61,2016-05-24,219,2.36
61,2016-06-12,219,2.39
61,2016-07-01,209,2.42
61,2016-07-20,209,2.42
61,2016-08-08,209,2.43
61,2016-08-27,213,2.49
61,2016-09-15,206,2.60
61,2016-10-04,200,2.65
61,2016-10-23,198,2.71
62,2014-10-26,9587,0.82
62,2015-08-20,7337,1.87
62,2016-06-13,6916,2.24
63,2014-07-30,2147,0.41
63,2014-08-13,2127,0.42
63,2014-08-27,2271,0.44
63,2014-09-10,2207,0.46
63,2014-09-24,2122,0.48
63,2014-10-08,2275,0.48
63,2014-10-22,2140,0.54
63,2014-11-05,2096,0.54
63,2014-11-19,2255,0.59
63,2014-12-03,2149,0.63
63,2014-12-17,2150,0.64
63,2014-12-31,2249,0.64
63,2015-01-14,2163,0.66
63,2015-01-28,2287,0.68
63,2015-02-11,2101,0.70
63,2015-02-25,2246,0.81
63,2015-03-11,2224,0.81
63,2015-03-25,2228,0.84
63,2015-04-08,2318,0.85
63,2015-04-22,2185,0.86
63,2015-05-06,2157,0.91
63,2015-05-20,2277,0.98
63,2015-06-03,2153,1.08
63,2015-06-17,2233,1.09
63,2015-07-01,2105,1.15
63,2015-07-15,2204,1.15
63,2015-07-29,2080,1.26
63,2015-08-12,1988,1.27
63,2015-08-26,2122,1.30
63,2015-09-09,1963,1.33
63,2015-09-23,2064,1.35
63,2015-10-07,2045,1.35
63,2015-10-21,1965,1.35
63,2015-11-04,1867,1.41
63,2015-11-18,1909,1.43
63,2015-12-02,1949,1.44
63,2015-12-16,1917,1.47
63,2015-12-30,1865,1.49
63,2016-01-13,1867,1.54
63,2016-01-27,1831,1.61
63,2016-02-10,1735,1.70
63,2016-02-24,1680,1.79
63,2016-03-09,1703,1.85
63,2016-03-23,1527,2.00
63,2016-04-06,1572,2.03
63,2016-04-20,1546,2.06
63,2016-05-04,1576,2.11
63,2016-05-18,1595,2.17
63,2016-06-01,1490,2.21
63,2016-06-15,1476,2.23
63,2016-06-29,1535,2.24
63,2016-07-13,1551,2.26
63,2016-07-27,1500,2.28
63,2016-08-10,1524,2.33
63,2016-08-24,1430,2.47
63,2016-09-07,1386,2.50
63,2016-09-21,1482,2.56
63,2016-10-05,1385,2.61
63,2016-10-19,1378,2.61
64,2014-12-19,1434,0.98
64,2015-01-10,1486,1.12
64,2015-02-01,1544,1.13
64,2015-02-23,1493,1.20
64,2015-03-17,1400,1.25
64,2015-04-08,1393,1.26
64,2015-04-30,1323,1.36
64,2015-05-22,1339,1.39
64,2015-06-13,1260,1.44
64,2015-07-05,1239,1.47
64,2015-07-27,1182,1.57
64,2015-08-18,1178,1.58
64,2015-09-09,1192,1.73
64,2015-10-01,1184,1.75
64,2015-10-23,1184,1.82
64,2015-11-14,1082,1.82
64,2015-12-06,1045,1.93
64,2015-12-28,1100,2.12
64,2016-01-19,1016,2.12
64,2016-02-10,1010,2.15
64,2016-03-03,1068,2.17
64,2016-03-25,1011,2.17
64,2016-04-16,988,2.23
64,2016-05-08,1048,2.24
64,2016-05-30,1014,2.34
64,2016-06-21,1005,2.36
64,2016-07-13,1024,2.48
64,2016-08-04,954,2.49
64,2016-08-26,980,2.51
64,2016-09-17,976,2.54
64,2016-10-09,946,2.58
65,2014-12-30,4332,0.82
65,2015-02-01,4348,0.85
65,2015-03-06,4519,0.94
65,2015-04-08,4379,0.98
65,2015-05-11,4425,1.03
65,2015-06-13,4100,1.17
65,2015-07-16,4018,1.28
65,2015-08-18,3897,1.46
65,2015-09-20,3990,1.47
65,2015-10-23,3870,1.52
65,2015-11-25,3910,1.67
65,2015-12-28,3873,1.79
65,2016-01-30,3854,1.79
65,2016-03-03,3801,1.85
65,2016-04-05,3924,1.89
65,2016-05-08,3685,2.06
65,2016-06-10,3536,2.19
65,2016-07-13,3655,2.30
65,2016-08-15,3744,2.33
65,2016-09-17,3741,2.37
65,2016-10-20,3783,2.59
66,2014-03-26,5196,0.17
66,2014-04-07,5280,0.19
66,2014-04-19,5311,0.21
66,2014-05-01,5144,0.27
66,2014-05-13,5222,0.27
66,2014-05-25,5411,0.29
66,2014-06-06,5416,0.31
66,2014-06-18,5306,0.39
66,2014-06-30,5451,0.44
66,2014-07-12,5401,0.45
66,2014-07-24,5138,0.45
66,2014-08-05,5153,0.51
66,2014-08-17,5293,0.54
66,2014-08-29,5534,0.55
66,2014-09-10,5469,0.60
66,2014-09-22,5467,0.69
66,2014-10-04,5569,0.77
66,2014-10-16,5395,0.82
66,2014-10-28,5556,0.82
66,2014-11-09,5225,0.89
66,2014-11-21,5658,0.99
66,2014-12-03,5672,1.04
66,2014-12-15,5430,1.05
66,2014-12-27,5539,1.05
66,2015-01-08,5650,1.06
66,2015-01-20,5487,1.06
66,2015-02-01,5626,1.07
66,2015-02-13,5629,1.08
66,2015-02-25,5523,1.09
66,2015-03-09,5189,1.13
66,2015-03-21,5186,1.14
66,2015-04-02,5097,1.19
66,2015-04-14,5279,1.19
66,2015-04-26,4891,1.22
66,2015-05-08,4817,1.25
66,2015-05-20,4922,1.29
66,2015-06-01,4776,1.30
66,2015-06-13,4665,1.34
66,2015-06-25,4807,1.41
66,2015-07-07,4531,1.42
66,2015-07-19,4436,1.46
66,2015-07-31,4647,1.47
66,2015-08-12,4515,1.48
66,2015-08-24,4459,1.50
66,2015-09-05,4352,1.51
66,2015-09-17,4480,1.64
66,2015-09-29,4117,1.72
66,2015-10-11,4034,1.72
66,2015-10-23,4217,1.74
66,2015-11-04,3972,1.79
66,2015-11-16,3868,1.81
66,2015-11-28,4112,1.81
66,2015-12-10,3938,1.82
66,2015-12-22,4243,1.82
66,2016-01-03,4168,1.85
66,2016-01-15,3967,1.85
66,2016-01-27,3925,1.89
66,2016-02-08,3719,1.96
66,2016-02-20,3876,1.98
66,2016-03-03,4024,2.03
66,2016-03-15,3669,2.04
66,2016-03-27,3767,2.06
66,2016-04-08,3707,2.11
66,2016-04-20,3869,2.12
66,2016-05-02,3694,2.15
66,2016-05-14,3642,2.17
66,2016-05-26,3590,2.19
66,2016-06-07,3575,2.21
66,2016-06-19,3801,2.23
66,2016-07-01,3772,2.27
66,2016-07-13,3813,2.29
66,2016-07-25,3599,2.31
66,2016-08-06,3652,2.34
66,2016-08-18,3441,2.36
66,2016-08-30,3596,2.40
66,2016-09-11,3632,2.40
66,2016-09-23,3447,2.41
66,2016-10-05,3442,2.45
66,2016-10-17,3504,2.53
67,2015-02-02,2478,1.53
67,2016-03-05,1914,2.14
68,2014-04-10,4048,0.28
68,2014-07-18,4103,0.45
68,2014-10-25,3997,1.11
68,2015-02-01,3578,1.52
68,2015-05-11,3328,1.74
68,2015-08-18,3551,1.78
68,2015-11-25,3309,1.81
68,2016-03-03,3050,2.10
68,2016-06-10,2816,2.19
68,2016-09-17,2020,2.57
69,2014-12-09,8946,0.83
69,2014-12-28,8871,0.86
69,2015-01-16,8620,0.89
69,2015-02-04,8904,0.99
69,2015-02-23,8824,1.01
69,2015-03-14,8461,1.02
69,2015-04-02,8651,1.08
69,2015-04-21,8523,1.08
69,2015-05-10,8272,1.19
69,2015-05-29,7951,1.27
69,2015-06-17,7828,1.56
69,2015-07-06,7568,1.59
69,2015-07-25,7178,1.66
69,2015-08-13,6823,1.84
69,2015-09-01,6870,1.86
69,2015-09-20,6519,1.89
69,2015-10-09,6589,1.99
69,2015-10-28,6018,2.13
69,2015-11-16,6048,2.13
69,2015-12-05,5971,2.17
69,2015-12-24,5878,2.18
69,2016-01-12,5684,2.25
69,2016-01-31,5767,2.25
69,2016-02-19,5472,2.27
69,2016-03-09,5523,2.32
69,2016-03-28,5199,2.38
69,2016-04-16,5009,2.43
69,2016-05-05,4968,2.45
69,2016-05-24,4804,2.46
69,2016-06-12,4665,2.47
69,2016-07-01,4598,2.49
69,2016-07-20,4498,2.53
69,2016-08-08,4232,2.54
69,2016-08-27,4094,2.56
69,2016-09-15,3461,2.72
69,2016-10-04,3230,2.73
69,2016-10-23,2829,2.79
70,2014-05-01,758,0.45
70,2014-05-21,706,0.46
70,2014-06-10,706,0.47
70,2014-06-30,666,0.52
70,2014-07-20,606,0.65
70,2014-08-09,617,0.67
70,2014-08-29,601,0.68
70,2014-09-18,598,0.78
70,2014-10-08,581,0.79
70,2014-10-28,550,0.81
70,2014-11-17,575,0.85
70,2014-12-07,527,0.91
70,2014-12-27,573,0.93
70,2015-01-16,547,0.97
70,2015-02-05,509,1.05
70,2015-02-25,532,1.06
70,2015-03-17,514,1.16
70,2015-04-06,530,1.18
70,2015-04-26,504,1.19
70,2015-05-16,522,1.24
70,2015-06-05,503,1.25
70,2015-06-25,523,1.28
70,2015-07-15,512,1.29
70,2015-08-04,515,1.35
70,2015-08-24,492,1.52
70,2015-09-13,493,1.54
70,2015-10-03,500,1.60
70,2015-10-23,490,1.61
70,2015-11-12,499,1.62
70,2015-12-02,463,1.68
70,2015-12-22,474,1.71
70,2016-01-11,458,1.80
70,2016-01-31,456,1.87
70,2016-02-20,487,1.89
70,2016-03-11,465,1.91
70,2016-03-31,458,2.00
70,2016-04-20,468,2.06
70,2016-05-10,472,2.10
70,2016-05-30,457,2.14
70,2016-06-19,467,2.15
70,2016-07-09,486,2.29
70,2016-07-29,483,2.29
70,2016-08-18,447,2.44
70,2016-09-07,465,2.50
70,2016-09-27,465,2.53
70,2016-10-17,458,2.55
71,2015-02-02,8233,1.73
71,2016-03-05,8676,2.09
72,2014-12-24,201,1.16
72,2015-02-13,182,1.34
72,2015-04-05,175,1.63
72,2015-05-26,188,1.65
72,2015-07-16,184,1.89
72,2015-09-05,183,2.11
72,2015-10-26,176,2.12
72,2015-12-16,170,2.13
72,2016-02-05,184,2.15
72,2016-03-27,182,2.31
72,2016-05-17,173,2.48
72,2016-07-07,172,2.54
72,2016-08-27,181,2.66
72,2016-10-17,174,2.75
73,2014-03-16,7251,0.51
73,2014-05-29,5852,1.02
73,2014-08-11,5568,1.12
73,2014-10-24,5503,1.23
73,2015-01-06,5588,1.35
73,2015-03-21,5425,1.46
73,2015-06-03,5361,1.52
73,2015-08-16,5482,1.64
73,2015-10-29,5408,1.98
73,2016-01-11,5059,2.16
73,2016-03-25,5327,2.24
73,2016-06-07,4991,2.26
73,2016-08-20,5029,2.79
74,2014-06-18,3917,0.41
74,2014-08-13,3342,0.60
74,2014-10-08,3065,0.75
74,2014-12-03,2769,1.10
74,2015-01-28,2917,1.11
74,2015-03-25,2637,1.27
74,2015-05-20,2639,1.44
74,2015-07-15,2532,1.58
74,2015-09-09,2526,1.66
74,2015-11-04,2448,1.80
74,2015-12-30,2446,1.81
74,2016-02-24,2560,1.82
74,2016-04-20,2424,2.08
74,2016-06-15,2418,2.14
74,2016-08-10,2593,2.32
74,2016-10-05,2569,2.54
75,2014-06-18,1064,0.40
75,2014-06-30,1076,0.44
75,2014-07-12,1118,0.52
75,2014-07-24,1055,0.55
75,2014-08-05,1056,0.56
75,2014-08-17,1094,0.57
75,2014-08-29,1084,0.59
75,2014-09-10,1049,0.63
75,2014-09-22,1033,0.64
75,2014-10-04,1090,0.69
75,2014-10-16,1100,0.78
75,2014-10-28,1037,0.82
75,2014-11-09,1049,0.83
75,2014-11-21,1137,0.85
75,2014-12-03,1095,0.89
75,2014-12-15,1118,0.90
75,2014-12-27,1037,0.95
75,2015-01-08,1058,0.95
75,2015-01-20,1062,0.98
75,2015-02-01,1101,1.00
75,2015-02-13,1054,1.02
75,2015-02-25,1110,1.03
75,2015-03-09,1021,1.05
75,2015-03-21,1059,1.09
75,2015-04-02,1046,1.10
75,2015-04-14,1002,1.11
75,2015-04-26,1068,1.12
75,2015-05-08,1021,1.14
75,2015-05-20,1073,1.16
75,2015-06-01,1040,1.17
75,2015-06-13,1038,1.20
75,2015-06-25,965,1.23
75,2015-07-07,965,1.23
75,2015-07-19,978,1.26
75,2015-07-31,956,1.35
75,2015-08-12,933,1.38
75,2015-08-24,1009,1.39
75,2015-09-05,937,1.44
75,2015-09-17,932,1.46
75,2015-09-29,917,1.50
75,2015-10-11,920,1.52
75,2015-10-23,965,1.53
75,2015-11-04,901,1.59
75,2015-11-16,871,1.60
75,2015-11-28,872,1.61
75,2015-12-10,954,1.61
75,2015-12-22,892,1.75
75,2016-01-03,906,1.76
75,2016-01-15,830,1.77
75,2016-01-27,865,1.88
75,2016-02-08,832,1.88
75,2016-02-20,788,1.98
75,2016-03-03,754,2.01
75,2016-03-15,789,2.06
75,2016-03-27,766,2.09
75,2016-04-08,709,2.11
75,2016-04-20,713,2.11
75,2016-05-02,694,2.14
75,2016-05-14,697,2.16
75,2016-05-26,684,2.25
75,2016-06-07,671,2.27
75,2016-06-19,632,2.29
75,2016-07-01,652,2.32
75,2016-07-13,601,2.38
75,2016-07-25,617,2.39
75,2016-08-06,614,2.39
75,2016-08-18,586,2.41
75,2016-08-30,519,2.57
75,2016-09-11,513,2.60
75,2016-09-23,478,2.64
75,2016-10-05,460,2.65
75,2016-10-17,473,2.66
76,2014-04-19,3122,0.14
76,2014-08-05,3177,0.49
76,2014-11-21,2998,0.52
76,2015-03-09,3099,0.88
76,2015-06-25,2959,1.08
76,2015-10-11,2525,1.57
76,2016-01-27,2056,2.15
76,2016-05-14,1313,2.64
76,2016-08-30,1351,2.67
77,2014-07-02,5578,0.41
77,2014-10-01,5501,0.46
77,2014-12-31,4742,0.59
77,2015-04-01,4492,0.72
77,2015-07-01,4512,0.74
77,2015-09-30,3597,1.42
77,2015-12-30,3457,1.45
77,2016-03-30,3603,1.69
77,2016-06-29,3612,1.86
77,2016-09-28,3439,2.64
78,2014-01-19,5524,0.07
78,2014-02-06,5395,0.20
78,2014-02-24,5447,0.29
78,2014-03-14,5599,0.34
78,2014-04-01,5461,0.41
78,2014-04-19,5275,0.43
78,2014-05-07,5011,0.53
78,2014-05-25,4624,0.53
78,2014-06-12,4938,0.53
78,2014-06-30,4748,0.56
78,2014-07-18,4453,0.67
78,2014-08-05,4375,0.76
78,2014-08-23,4061,0.87
78,2014-09-10,4044,0.91
78,2014-09-28,4123,0.91
78,2014-10-16,3833,0.97
78,2014-11-03,3817,1.08
78,2014-11-21,3697,1.11
78,2014-12-09,3588,1.13
78,2014-12-27,3652,1.22
78,2015-01-14,3729,1.24
78,2015-02-01,3416,1.31
78,2015-02-19,3438,1.41
78,2015-03-09,3676,1.43
78,2015-03-27,3364,1.55
78,2015-04-14,3340,1.57
78,2015-05-02,3371,1.58
78,2015-05-20,3479,1.62
78,2015-06-07,3580,1.63
78,2015-06-25,3432,1.66
78,2015-07-13,3590,1.71
78,2015-07-31,3354,1.76
78,2015-08-18,3405,1.76
78,2015-09-05,3574,1.77
78,2015-09-23,3242,1.80
78,2015-10-11,3408,1.82
78,2015-10-29,3220,1.91
78,2015-11-16,3406,1.91
78,2015-12-04,3270,1.91
78,2015-12-22,3267,1.93
78,2016-01-09,3282,1.94
78,2016-01-27,3466,1.95
78,2016-02-14,3486,2.03
78,2016-03-03,3308,2.10
78,2016-03-21,3456,2.12
78,2016-04-08,3388,2.13
78,2016-04-26,3485,2.16
78,2016-05-14,3467,2.17
78,2016-06-01,3231,2.18
78,2016-06-19,3363,2.20
78,2016-07-07,3493,2.23
78,2016-07-25,3467,2.33
78,2016-08-12,3394,2.42
78,2016-08-30,3354,2.53
78,2016-09-17,3270,2.57
78,2016-10-05,3219,2.60
78,2016-10-23,3167,2.67
79,2014-10-26,541,1.94
79,2015-03-24,517,2.06
79,2015-08-20,493,2.11
79,2016-01-16,463,2.18
79,2016-06-13,359,2.53
80,2014-04-30,9026,0.44
80,2014-08-27,9017,0.91
80,2014-12-24,8536,0.94
80,2015-04-22,8476,1.22
80,2015-08-19,8391,1.23
80,2015-12-16,8280,1.33
80,2016-04-13,7471,1.59
80,2016-08-10,6482,1.98
81,2014-02-19,6100,0.07
81,2014-04-09,6693,0.23
81,2014-05-28,6697,0.24
81,2014-07-16,6408,0.34
81,2014-09-03,6155,0.46
81,2014-10-22,6161,0.48
81,2014-12-10,6379,0.86
81,2015-01-28,6763,1.02
81,2015-03-18,6509,1.16
81,2015-05-06,6955,1.48
81,2015-06-24,6890,1.59
81,2015-08-12,6547,1.59
81,2015-09-30,7084,1.75
81,2015-11-18,6977,1.94
81,2016-01-06,7307,2.08
81,2016-02-24,7072,2.11
81,2016-04-13,6899,2.12
81,2016-06-01,7252,2.22
81,2016-07-20,6862,2.32
81,2016-09-07,7539,2.61
81,2016-10-26,7558,2.66
82,2014-11-26,4881,0.59
82,2015-01-12,4776,0.67
82,2015-02-28,4755,0.98
82,2015-04-16,4419,1.26
82,2015-06-02,3927,1.70
82,2015-07-19,3848,1.85
82,2015-09-04,3688,1.95
82,2015-10-21,3464,2.03
82,2015-12-07,2982,2.37
82,2016-01-23,2666,2.51
82,2016-03-10,2432,2.59
82,2016-04-26,2215,2.62
82,2016-06-12,2174,2.66
82,2016-07-29,1903,2.72
82,2016-09-14,1856,2.74
83,2014-02-03,2488,0.09
83,2014-03-08,2530,0.52
83,2014-04-10,2365,0.57
83,2014-05-13,2490,0.59
83,2014-06-15,2448,0.75
83,2014-07-18,2375,0.76
83,2014-08-20,2428,0.89
83,2014-09-22,2463,0.97
83,2014-10-25,2475,1.07
83,2014-11-27,2591,1.10
83,2014-12-30,2365,1.11
83,2015-02-01,2320,1.24
83,2015-03-06,2266,1.32
83,2015-04-08,2179,1.34
83,2015-05-11,2163,1.38
83,2015-06-13,2140,1.43
83,2015-07-16,2046,1.52
83,2015-08-18,2065,1.59
83,2015-09-20,1840,1.73
83,2015-10-23,1960,1.77
83,2015-11-25,1949,1.79
83,2015-12-28,1802,1.84
83,2016-01-30,1732,1.93
83,2016-03-03,1753,2.03
83,2016-04-05,1782,2.16
83,2016-05-08,1671,2.18
83,2016-06-10,1675,2.30
83,2016-07-13,1577,2.35
83,2016-08-15,1704,2.37
83,2016-09-17,1629,2.37
83,2016-10-20,1555,2.67
84,2014-10-27,1637,0.80
84,2014-11-09,1608,0.82
84,2014-11-22,1510,0.84
84,2014-12-05,1540,0.94
84,2014-12-18,1451,0.94
84,2014-12-31,1411,0.98
84,2015-01-13,1490,1.10
84,2015-01-26,1395,1.13
84,2015-02-08,1393,1.16
84,2015-02-21,1434,1.19
84,2015-03-06,1410,1.20
84,2015-03-19,1388,1.23
84,2015-04-01,1351,1.24
84,2015-04-14,1439,1.25
84,2015-04-27,1346,1.29
84,2015-05-10,1438,1.31
84,2015-05-23,1393,1.36
84,2015-06-05,1332,1.36
84,2015-06-18,1333,1.43
84,2015-07-01,1397,1.45
84,2015-07-14,1301,1.46
84,2015-07-27,1397,1.53
84,2015-08-09,1296,1.54
84,2015-08-22,1342,1.54
84,2015-09-04,1343,1.58
84,2015-09-17,1365,1.62
84,2015-09-30,1374,1.65
84,2015-10-13,1264,1.69
84,2015-10-26,1370,1.69
84,2015-11-08,1263,1.70
84,2015-11-21,1353,1.72
84,2015-12-04,1313,1.73
84,2015-12-17,1276,1.77
84,2015-12-30,1300,1.80
84,2016-01-12,1269,1.94
84,2016-01-25,1325,1.98
84,2016-02-07,1320,2.05
84,2016-02-20,1306,2.07
84,2016-03-04,1316,2.12
84,2016-03-17,1288,2.19
84,2016-03-30,1241,2.22
84,2016-04-12,1260,2.25
84,2016-04-25,1328,2.30
84,2016-05-08,1327,2.32
84,2016-05-21,1250,2.33
84,2016-06-03,1301,2.35
84,2016-06-16,1319,2.38
84,2016-06-29,1305,2.43
84,2016-07-12,1305,2.44
84,2016-07-25,1273,2.44
84,2016-08-07,1254,2.45
84,2016-08-20,1278,2.48
84,2016-09-02,1291,2.49
84,2016-09-15,1234,2.49
84,2016-09-28,1322,2.55
84,2016-10-11,1283,2.55
84,2016-10-24,1244,2.61
85,2014-05-25,10065,0.30
85,2014-06-30,9728,0.31
85,2014-08-05,9733,0.32
85,2014-09-10,10008,0.48
85,2014-10-16,10048,0.56
85,2014-11-21,9760,0.68
85,2014-12-27,10084,0.83
85,2015-02-01,10160,0.88
85,2015-03-09,9542,1.04
85,2015-04-14,9531,1.16
85,2015-05-20,9027,1.36
85,2015-06-25,8955,1.39
85,2015-07-31,8751,1.49
85,2015-09-05,8332,1.50
85,2015-10-11,9004,1.51
85,2015-11-16,8476,1.61
85,2015-12-22,7003,2.07
85,2016-01-27,6255,2.30
85,2016-03-03,6089,2.35
85,2016-04-08,5843,2.39
85,2016-05-14,5444,2.47
85,2016-06-19,5232,2.47
85,2016-07-25,5313,2.48
85,2016-08-30,5313,2.49
85,2016-10-05,4348,2.66
86,2014-12-19,605,1.06
86,2015-02-01,570,1.16
86,2015-03-17,568,1.29
86,2015-04-30,559,1.49
86,2015-06-13,551,1.62
86,2015-07-27,560,1.78
86,2015-09-09,558,1.91
86,2015-10-23,531,1.93
86,2015-12-06,512,2.14
86,2016-01-19,532,2.26
86,2016-03-03,541,2.32
86,2016-04-16,530,2.35
86,2016-05-30,522,2.39
86,2016-07-13,551,2.40
86,2016-08-26,553,2.45
86,2016-10-09,529,2.50
87,2014-02-06,8027,0.29
87,2014-03-14,8086,0.34
87,2014-04-19,7662,0.36
87,2014-05-25,7782,0.67
87,2014-06-30,7677,0.71
87,2014-08-05,8334,0.75
87,2014-09-10,8033,0.80
87,2014-10-16,8441,0.91
87,2014-11-21,8081,0.92
87,2014-12-27,8118,1.01
87,2015-02-01,7593,1.23
87,2015-03-09,7704,1.26
87,2015-04-14,7275,1.42
87,2015-05-20,7153,1.45
87,2015-06-25,6623,1.55
87,2015-07-31,6541,1.60
87,2015-09-05,5630,1.96
87,2015-10-11,5925,2.02
87,2015-11-16,5528,2.06
87,2015-12-22,5578,2.16
87,2016-01-27,5819,2.17
87,2016-03-03,5418,2.23
87,2016-04-08,5379,2.35
87,2016-05-14,5555,2.42
87,2016-06-19,4963,2.56
87,2016-07-25,5164,2.75
87,2016-08-30,4859,2.75
87,2016-10-05,5177,2.77
88,2014-01-26,8129,0.06
88,2014-02-20,8606,0.22
88,2014-03-17,7868,0.23
88,2014-04-11,8520,0.31
88,2014-05-06,7953,0.34
88,2014-05-31,8376,0.36
88,2014-06-25,8563,0.41
88,2014-07-20,8355,0.41
88,2014-08-14,8543,0.46
88,2014-09-08,8723,0.49
88,2014-10-03,8033,0.54
88,2014-10-28,8545,0.76
88,2014-11-22,8850,0.78
88,2014-12-17,8324,0.84
88,2015-01-11,8677,0.87
88,2015-02-05,8140,0.91
88,2015-03-02,8421,0.97
88,2015-03-27,8790,1.03
88,2015-04-21,8670,1.05
88,2015-05-16,8416,1.06
88,2015-06-10,8257,1.09
88,2015-07-05,8813,1.18
88,2015-07-30,8358,1.23
88,2015-08-24,8748,1.23
88,2015-09-18,8631,1.26
88,2015-10-13,8592,1.27
88,2015-11-07,8562,1.30
88,2015-12-02,8295,1.39
88,2015-12-27,8439,1.63
88,2016-01-21,8407,1.66
88,2016-02-15,9001,1.70
88,2016-03-11,8610,1.72
88,2016-04-05,8579,1.75
88,2016-04-30,8993,1.98
88,2016-05-25,8915,2.21
88,2016-06-19,9429,2.24
88,2016-07-14,9394,2.36
88,2016-08-08,9533,2.46
88,2016-09-02,9082,2.48
88,2016-09-27,9192,2.52
88,2016-10-22,9703,2.62
89,2014-04-01,2573,0.36
89,2014-05-16,2539,0.39
89,2014-06-30,2582,0.43
89,2014-08-14,2635,0.54
89,2014-09-28,2635,0.54
89,2014-11-12,2626,0.57
89,2014-12-27,2647,0.83
89,2015-02-10,2561,0.86
89,2015-03-27,2364,1.12
89,2015-05-11,2575,1.14
89,2015-06-25,2455,1.20
89,2015-08-09,2218,1.40
89,2015-09-23,2228,1.44
89,2015-11-07,2166,1.52
89,2015-12-22,2170,1.53
89,2016-02-05,2098,1.74
89,2016-03-21,2123,1.76
89,2016-05-05,1876,2.03
89,2016-06-19,1596,2.27
89,2016-08-03,1652,2.27
89,2016-09-17,1241,2.52
90,2014-12-07,3761,0.68
90,2015-05-26,3872,0.76
90,2015-11-12,3598,1.07
90,2016-04-30,2651,2.14
90,2016-10-17,2495,2.21
91,2014-10-14,6957,0.71
91,2014-11-05,6629,0.84
91,2014-11-27,6449,0.95
91,2014-12-19,6795,1.01
91,2015-01-10,6676,1.04
91,2015-02-01,6739,1.06
91,2015-02-23,6739,1.06
91,2015-03-17,6128,1.15
91,2015-04-08,6072,1.17
91,2015-04-30,6198,1.25
91,2015-05-22,5795,1.35
91,2015-06-13,6170,1.41
91,2015-07-05,6142,1.68
91,2015-07-27,5872,1.69
91,2015-08-18,5574,1.70
91,2015-09-09,6083,1.74
91,2015-10-01,5953,1.77
91,2015-10-23,5953,1.77
91,2015-11-14,5846,1.99
91,2015-12-06,5961,1.99
91,2015-12-28,5699,2.00
91,2016-01-19,5757,2.00
91,2016-02-10,5646,2.24
91,2016-03-03,5772,2.35
91,2016-03-25,5545,2.35
91,2016-04-16,5940,2.37
91,2016-05-08,5650,2.42
91,2016-05-30,5640,2.52
91,2016-06-21,5696,2.53
91,2016-07-13,5752,2.54
91,2016-08-04,5918,2.59
91,2016-08-26,5465,2.59
91,2016-09-17,5605,2.62
91,2016-10-09,5657,2.73
92,2014-10-17,5925,0.84
92,2014-11-03,5841,0.87
92,2014-11-20,5921,0.93
92,2014-12-07,6053,0.96
92,2014-12-24,6275,0.98
92,2015-01-10,6089,1.08
92,2015-01-27,6217,1.09
92,2015-02-13,6096,1.10
92,2015-03-02,5990,1.13
92,2015-03-19,5823,1.20
92,2015-04-05,5707,1.28
92,2015-04-22,5320,1.31
92,2015-05-09,5688,1.34
92,2015-05-26,5643,1.38
92,2015-06-12,5066,1.41
92,2015-06-29,5055,1.48
92,2015-07-16,4998,1.51
92,2015-08-02,4987,1.53
92,2015-08-19,5114,1.53
92,2015-09-05,5038,1.53
92,2015-09-22,4997,1.61
92,2015-10-09,4873,1.61
92,2015-10-26,5128,1.62
92,2015-11-12,4776,1.64
92,2015-11-29,4700,1.69
92,2015-12-16,4818,1.74
92,2016-01-02,4837,1.76
92,2016-01-19,4760,1.87
92,2016-02-05,4563,1.98
92,2016-02-22,4420,2.01
92,2016-03-10,4145,2.09
92,2016-03-27,4230,2.14
92,2016-04-13,4285,2.15
92,2016-04-30,4254,2.21
92,2016-05-17,4394,2.22
92,2016-06-03,4048,2.23
92,2016-06-20,4196,2.23
92,2016-07-07,4148,2.29
92,2016-07-24,4340,2.31
92,2016-08-10,4048,2.37
92,2016-08-27,4068,2.43
92,2016-09-13,4142,2.47
92,2016-09-30,3887,2.49
92,2016-10-17,3889,2.52
93,2014-01-01,3840,0.01
93,2014-03-04,4170,0.65
93,2014-05-05,3986,0.86
93,2014-07-06,4177,0.88
93,2014-09-06,4022,0.94
93,2014-11-07,4021,1.15
93,2015-01-08,3744,1.40
93,2015-03-11,3633,1.45
93,2015-05-12,3316,1.56
93,2015-07-13,3321,1.57
93,2015-09-13,3322,1.77
93,2015-11-14,3167,1.91
93,2016-01-15,3014,1.93
93,2016-03-17,3067,1.94
93,2016-05-18,2864,2.28
93,2016-07-19,2702,2.35
93,2016-09-19,2744,2.38
94,2014-10-28,1103,0.71
94,2014-11-12,1115,0.72
94,2014-11-27,1070,0.81
94,2014-12-12,1100,0.85
94,2014-12-27,1117,0.86
94,2015-01-11,1087,0.93
94,2015-01-26,1153,0.99
94,2015-02-10,1109,1.01
94,2015-02-25,1164,1.08
94,2015-03-12,1176,1.10
94,2015-03-27,1094,1.16
94,2015-04-11,1107,1.18
94,2015-04-26,1096,1.20
94,2015-05-11,1109,1.22
94,2015-05-26,1144,1.23
94,2015-06-10,1191,1.26
94,2015-06-25,1169,1.27
94,2015-07-10,1152,1.27
94,2015-07-25,1184,1.34
94,2015-08-09,1125,1.41
94,2015-08-24,1140,1.47
94,2015-09-08,1119,1.50
94,2015-09-23,1124,1.59
94,2015-10-08,1220,1.64
94,2015-10-23,1221,1.66
94,2015-11-07,1135,1.68
94,2015-11-22,1113,1.71
94,2015-12-07,1195,1.71
94,2015-12-22,1133,1.76
94,2016-01-06,1133,1.76
94,2016-01-21,1187,1.78
94,2016-02-05,1225,1.82
94,2016-02-20,1144,1.95
94,2016-03-06,1135,1.99
94,2016-03-21,1158,1.99
94,2016-04-05,1197,2.04
94,2016-04-20,1253,2.18
94,2016-05-05,1224,2.19
94,2016-05-20,1236,2.19
94,2016-06-04,1184,2.22
94,2016-06-19,1196,2.23
94,2016-07-04,1179,2.25
94,2016-07-19,1198,2.26
94,2016-08-03,1204,2.26
94,2016-08-18,1155,2.34
94,2016-09-02,1157,2.48
94,2016-09-17,1164,2.50
94,2016-10-02,1207,2.51
94,2016-10-17,1260,2.57
95,2014-05-16,934,0.44
95,2014-05-31,868,0.49
95,2014-06-15,936,0.49
95,2014-06-30,871,0.56
95,2014-07-15,892,0.62
95,2014-07-30,936,0.68
95,2014-08-14,914,0.70
95,2014-08-29,942,0.71
95,2014-09-13,920,0.73
95,2014-09-28,938,0.73
95,2014-10-13,902,0.84
95,2014-10-28,944,0.86
95,2014-11-12,885,0.87
95,2014-11-27,900,0.89
95,2014-12-12,941,0.98
95,2014-12-27,966,1.03
95,2015-01-11,898,1.05
95,2015-01-26,926,1.06
95,2015-02-10,931,1.16
95,2015-02-25,936,1.18
95,2015-03-12,979,1.20
95,2015-03-27,982,1.26
95,2015-04-11,926,1.27
95,2015-04-26,923,1.30
95,2015-05-11,981,1.33
95,2015-05-26,981,1.34
95,2015-06-10,902,1.35
95,2015-06-25,987,1.35
95,2015-07-10,987,1.36
95,2015-07-25,926,1.37
95,2015-08-09,963,1.45
95,2015-08-24,943,1.53
95,2015-09-08,907,1.57
95,2015-09-23,913,1.59
95,2015-10-08,967,1.62
95,2015-10-23,914,1.72
95,2015-11-07,992,1.74
95,2015-11-22,1009,1.79
95,2015-12-07,963,1.85
95,2015-12-22,954,1.85
95,2016-01-06,1009,1.89
95,2016-01-21,946,1.90
95,2016-02-05,986,1.92
95,2016-02-20,979,2.07
95,2016-03-06,1019,2.09
95,2016-03-21,1011,2.13
95,2016-04-05,990,2.30
95,2016-04-20,942,2.34
95,2016-05-05,1026,2.42
95,2016-05-20,1041,2.42
95,2016-06-04,1026,2.43
95,2016-06-19,1018,2.46
95,2016-07-04,950,2.49
95,2016-07-19,965,2.49
95,2016-08-03,965,2.50
95,2016-08-18,1030,2.60
95,2016-09-02,975,2.61
95,2016-09-17,1029,2.68
95,2016-10-02,1020,2.69
95,2016-10-17,1033,2.75
96,2014-01-29,10004,0.05
96,2014-02-12,10423,0.09
96,2014-02-26,10438,0.12
96,2014-03-12,10414,0.17
96,2014-03-26,9989,0.22
96,2014-04-09,10039,0.22
96,2014-04-23,9542,0.23
96,2014-05-07,9918,0.28
96,2014-05-21,9832,0.31
96,2014-06-04,9887,0.32
96,2014-06-18,10317,0.37
96,2014-07-02,9983,0.41
96,2014-07-16,10444,0.42
96,2014-07-30,10444,0.42
96,2014-08-13,9817,0.59
96,2014-08-27,10710,0.73
96,2014-09-10,10805,0.81
96,2014-09-24,10044,0.84
96,2014-10-08,10516,0.85
96,2014-10-22,9956,0.87
96,2014-11-05,10277,0.89
96,2014-11-19,10527,0.97
96,2014-12-03,10897,0.98
96,2014-12-17,10715,1.03
96,2014-12-31,10145,1.04
96,2015-01-14,9951,1.07
96,2015-01-28,9723,1.19
96,2015-02-11,9493,1.32
96,2015-02-25,8957,1.36
96,2015-03-11,9463,1.36
96,2015-03-25,9244,1.38
96,2015-04-08,8643,1.42
96,2015-04-22,8472,1.47
96,2015-05-06,8395,1.48
96,2015-05-20,8679,1.50
96,2015-06-03,8371,1.63
96,2015-06-17,7721,1.76
96,2015-07-01,7654,1.79
96,2015-07-15,8037,1.83
96,2015-07-29,7853,1.88
96,2015-08-12,7947,1.89
96,2015-08-26,7850,1.90
96,2015-09-09,7697,1.90
96,2015-09-23,7315,1.92
96,2015-10-07,7355,1.96
96,2015-10-21,7190,1.99
96,2015-11-04,7251,2.02
96,2015-11-18,7699,2.04
96,2015-12-02,7440,2.04
96,2015-12-16,7463,2.07
96,2015-12-30,7426,2.07
96,2016-01-13,7120,2.25
96,2016-01-27,7022,2.27
96,2016-02-10,7291,2.28
96,2016-02-24,6750,2.29
96,2016-03-09,6737,2.30
96,2016-03-23,6878,2.30
96,2016-04-06,6748,2.32
96,2016-04-20,6919,2.38
96,2016-05-04,6631,2.42
96,2016-05-18,6964,2.49
96,2016-06-01,6414,2.53
96,2016-06-15,6496,2.55
96,2016-06-29,6889,2.56
96,2016-07-13,6372,2.61
96,2016-07-27,6405,2.61
96,2016-08-10,6923,2.66
96,2016-08-24,6526,2.66
96,2016-09-07,6409,2.68
96,2016-09-21,6574,2.68
96,2016-10-05,6276,2.68
96,2016-10-19,6895,2.69
97,2014-06-18,8309,0.53
97,2014-07-16,8733,0.60
97,2014-08-13,8694,0.61
97,2014-09-10,8993,0.69
97,2014-10-08,9169,0.69
97,2014-11-05,8923,0.73
97,2014-12-03,8648,0.81
97,2014-12-31,8486,0.94
97,2015-01-28,8856,0.98
97,2015-02-25,8598,1.05
97,2015-03-25,8729,1.16
97,2015-04-22,8185,1.18
97,2015-05-20,8025,1.22
97,2015-06-17,8112,1.26
97,2015-07-15,8480,1.30
97,2015-08-12,8389,1.36
97,2015-09-09,8138,1.47
97,2015-10-07,7836,1.50
97,2015-11-04,7506,1.56
97,2015-12-02,7885,1.56
97,2015-12-30,7196,1.58
97,2016-01-27,7575,1.64
97,2016-02-24,7514,1.72
97,2016-03-23,7078,1.79
97,2016-04-20,6706,1.90
97,2016-05-18,10000,1.99
97,2016-06-15,6039,2.04
97,2016-07-13,5844,2.21
97,2016-08-10,5658,2.23
97,2016-09-07,3654,2.68
97,2016-10-05,3530,2.70
98,2014-09-10,1080,0.74
98,2014-09-24,1054,0.77
98,2014-10-08,1047,0.84
98,2014-10-22,1112,0.92
98,2014-11-05,1057,0.94
98,2014-11-19,1059,1.07
98,2014-12-03,1124,1.13
98,2014-12-17,40000,1.21
98,2014-12-31,1014,1.28
98,2015-01-14,1034,1.29
98,2015-01-28,996,1.33
98,2015-02-11,1021,1.35
98,2015-02-25,982,1.35
98,2015-03-11,983,1.37
98,2015-03-25,945,1.38
98,2015-04-08,922,1.39
98,2015-04-22,1004,1.40
98,2015-05-06,903,1.44
98,2015-05-20,909,1.45
98,2015-06-03,933,1.50
98,2015-06-17,874,1.51
98,2015-07-01,867,1.56
98,2015-07-15,905,1.57
98,2015-07-29,873,1.57
98,2015-08-12,875,1.61
98,2015-08-26,832,1.65
98,2015-09-09,901,1.67
98,2015-09-23,832,1.70
98,2015-10-07,844,1.72
98,2015-10-21,833,1.73
98,2015-11-04,855,1.78
98,2015-11-18,856,1.79
98,2015-12-02,847,1.81
98,2015-12-16,837,1.82
98,2015-12-30,820,1.84
98,2016-01-13,840,1.86
98,2016-01-27,837,1.89
98,2016-02-10,805,1.91
98,2016-02-24,825,2.01
98,2016-03-09,770,2.03
98,2016-03-23,774,2.05
98,2016-04-06,765,2.06
98,2016-04-20,786,2.07
98,2016-05-04,808,2.08
98,2016-05-18,777,2.10
98,2016-06-01,739,2.33
98,2016-06-15,709,2.36
98,2016-06-29,751,2.38
98,2016-07-13,752,2.40
98,2016-07-27,708,2.46
98,2016-08-10,695,2.48
98,2016-08-24,691,2.48
98,2016-09-07,684,2.52
98,2016-09-21,704,2.53
98,2016-10-05,750,2.54
98,2016-10-19,663,2.73
99,2014-09-22,2778,0.49
99,2014-10-16,2770,0.53
99,2014-11-09,2653,0.56
99,2014-12-03,2561,0.58
99,2014-12-27,2609,0.64
99,2015-01-20,2732,0.65
99,2015-02-13,2590,0.70
99,2015-03-09,2826,0.74
99,2015-04-02,2845,0.78
99,2015-04-26,2690,0.84
99,2015-05-20,2729,0.92
99,2015-06-13,2605,1.14
99,2015-07-07,2709,1.16
99,2015-07-31,2457,1.30
99,2015-08-24,2499,1.35
99,2015-09-17,2530,1.36
99,2015-10-11,2343,1.56
99,2015-11-04,2253,1.68
99,2015-11-28,2230,1.71
99,2015-12-22,2047,1.79
99,2016-01-15,2029,1.84
99,2016-02-08,2198,1.84
99,2016-03-03,1997,1.95
99,2016-03-27,1818,2.13
99,2016-04-20,1704,2.18
99,2016-05-14,1812,2.22
99,2016-06-07,1689,2.26
99,2016-07-01,1616,2.31
99,2016-07-25,1612,2.32
99,2016-08-18,1649,2.33
99,2016-09-11,1620,2.39
99,2016-10-05,1346,2.52
